family,method,encoder,dict_learner,dict_learner_impl,implementation,dataset,dataset_id,atoms,classifier,source,n_seeds,status,macro_precision,macro_recall,macro_f1,macro_pr_auc,minority_precision,minority_recall,minority_f1,minority_pr_auc,accuracy,roc_auc,mcc,macro_f1_std,minority_f1_std,minority_pr_auc_std,mcc_std,roc_auc_std,threshold,fit_seconds,run_started,run_id
pipeline,wl+fddl,wl,fddl,fddl_gpu,wl_fddl_gpu,nci_full,33,128,LogisticRegression,mccv,2,ok,0.638668,0.717737,0.667076,0.626339,0.298793,0.481221,0.367917,0.26415,0.935907,0.829336,0.347194,0.000195,0.003114,0.051142,0.007617,0.0166,,72.39,20260831_142413,mc_cv_wl_fddl_gpu_nci_full_id33_atoms128_20260831_142413_20260831_142807
pipeline,wl+fddl,wl,fddl,fddl_gpu,wl_fddl_gpu,nci_full,33,128,GradientBoosting,mccv,2,ok,0.664725,0.670576,0.663747,0.630211,0.354932,0.370892,0.355148,0.273163,0.947014,0.811506,0.332029,0.019107,0.030851,0.04729,0.035844,0.010955,,72.39,20260831_142413,mc_cv_wl_fddl_gpu_nci_full_id33_atoms128_20260831_142413_20260831_142807
pipeline,wl+fddl,wl,fddl,fddl_gpu,wl_fddl_gpu,nci_full,33,128,LinearSVM,mccv,2,ok,0.669205,0.689734,0.678771,0.636819,0.3624,0.408451,0.384035,0.284578,0.949199,0.837526,0.358345,0.007763,0.015135,0.053296,0.01579,0.021716,,72.39,20260831_142413,mc_cv_wl_fddl_gpu_nci_full_id33_atoms128_20260831_142413_20260831_142807
pipeline,wl+fddl,wl,fddl,fddl_gpu,wl_fddl_gpu,nci_full,33,128,RandomForest,mccv,2,ok,0.745539,0.687401,0.711705,0.684459,0.515463,0.389671,0.443063,0.380976,0.962036,0.838107,0.428664,0.003427,0.007623,0.006438,0.002854,0.00981,,72.39,20260831_142413,mc_cv_wl_fddl_gpu_nci_full_id33_atoms128_20260831_142413_20260831_142807
pipeline,wl+fddl,wl,fddl,fddl_gpu,wl_fddl_gpu,nci_full,33,256,LogisticRegression,mccv,2,ok,0.659129,0.709893,0.680339,0.648025,0.340536,0.455399,0.389669,0.305873,0.944647,0.841365,0.365509,0.013767,0.026038,0.028278,0.027322,0.005702,,129.33,20260831_014438,mc_cv_wl_fddl_gpu_nci_full_id33_atoms256_20260831_014438_20260831_015040
pipeline,wl+fddl,wl,fddl,fddl_gpu,wl_fddl_gpu,nci_full,33,256,GradientBoosting,mccv,2,ok,0.677278,0.676559,0.676695,0.647653,0.379644,0.377934,0.378343,0.306986,0.952021,0.833751,0.353646,0.019323,0.038359,0.024495,0.038571,0.018511,,129.33,20260831_014438,mc_cv_wl_fddl_gpu_nci_full_id33_atoms256_20260831_014438_20260831_015040
pipeline,wl+fddl,wl,fddl,fddl_gpu,wl_fddl_gpu,nci_full,33,256,LinearSVM,mccv,2,ok,0.664793,0.709809,0.683515,0.647663,0.351893,0.453052,0.394941,0.304874,0.94665,0.845519,0.371384,0.024831,0.04991,0.034146,0.054533,0.00585,,129.33,20260831_014438,mc_cv_wl_fddl_gpu_nci_full_id33_atoms256_20260831_014438_20260831_015040
pipeline,wl+fddl,wl,fddl,fddl_gpu,wl_fddl_gpu,nci_full,33,256,RandomForest,mccv,2,ok,0.673622,0.717467,0.692501,0.682707,0.368973,0.467136,0.411998,0.374705,0.948379,0.858138,0.388496,0.010169,0.020593,0.007542,0.022644,0.009125,,129.33,20260831_014438,mc_cv_wl_fddl_gpu_nci_full_id33_atoms256_20260831_014438_20260831_015040
pipeline,wl+fddl,wl,fddl,fddl_gpu,wl_fddl_gpu,nci_full,33,512,LogisticRegression,mccv,2,ok,0.646991,0.702036,0.666446,0.632136,0.31678,0.443662,0.364208,0.275686,0.940368,0.82955,0.34234,0.005639,0.01706,0.009962,0.024213,0.010931,,273.56,20260831_010356,mc_cv_wl_fddl_gpu_nci_full_id33_atoms512_20260831_010356_20260831_011531
pipeline,wl+fddl,wl,fddl,fddl_gpu,wl_fddl_gpu,nci_full,33,512,GradientBoosting,mccv,2,ok,0.632553,0.705895,0.656044,0.634767,0.287442,0.460094,0.347663,0.281092,0.932629,0.817271,0.327747,0.010554,0.011694,0.022964,0.001784,0.002151,,273.56,20260831_010356,mc_cv_wl_fddl_gpu_nci_full_id33_atoms512_20260831_010356_20260831_011531
pipeline,wl+fddl,wl,fddl,fddl_gpu,wl_fddl_gpu,nci_full,33,512,LinearSVM,mccv,2,ok,0.661425,0.691929,0.674981,0.635355,0.346624,0.415493,0.377685,0.282315,0.946923,0.8279,0.351923,0.002407,0.005739,0.001755,0.006338,0.011909,,273.56,20260831_010356,mc_cv_wl_fddl_gpu_nci_full_id33_atoms512_20260831_010356_20260831_011531
pipeline,wl+fddl,wl,fddl,fddl_gpu,wl_fddl_gpu,nci_full,33,512,RandomForest,mccv,2,ok,0.714596,0.706339,0.709716,0.696662,0.451989,0.434272,0.441632,0.402197,0.957302,0.863975,0.420274,0.009526,0.016643,0.006892,0.019788,0.003072,,273.56,20260831_010356,mc_cv_wl_fddl_gpu_nci_full_id33_atoms512_20260831_010356_20260831_011531
pipeline,wl+fddl,wl,fddl,fddl_gpu,wl_fddl_gpu,nci_full,33,1024,LogisticRegression,mccv,2,ok,0.676891,0.716814,0.694432,0.661095,0.375584,0.464789,0.415369,0.332146,0.94929,0.844184,0.391639,0.007269,0.014498,0.017179,0.015662,0.004438,,651.9,20260830_231458,mc_cv_wl_fddl_gpu_nci_full_id33_atoms1024_20260830_231458_20260830_234045
pipeline,wl+fddl,wl,fddl,fddl_gpu,wl_fddl_gpu,nci_full,33,1024,GradientBoosting,mccv,2,ok,0.639253,0.699073,0.662671,0.645179,0.301557,0.438967,0.357362,0.301715,0.939002,0.825612,0.332931,0.025511,0.049726,0.032287,0.054338,0.004186,,651.9,20260830_231458,mc_cv_wl_fddl_gpu_nci_full_id33_atoms1024_20260830_231458_20260830_234045
pipeline,wl+fddl,wl,fddl,fddl_gpu,wl_fddl_gpu,nci_full,33,1024,LinearSVM,mccv,2,ok,0.671584,0.71244,0.68829,0.653695,0.365286,0.457746,0.404116,0.318383,0.947378,0.832316,0.380899,0.012629,0.020935,0.039201,0.019708,0.014851,,651.9,20260830_231458,mc_cv_wl_fddl_gpu_nci_full_id33_atoms1024_20260830_231458_20260830_234045
pipeline,wl+fddl,wl,fddl,fddl_gpu,wl_fddl_gpu,nci_full,33,1024,RandomForest,mccv,2,ok,0.689779,0.713729,0.699421,0.681809,0.401651,0.455399,0.423883,0.373012,0.952021,0.857257,0.401519,0.000292,0.002574,0.021708,0.003044,0.025941,,651.9,20260830_231458,mc_cv_wl_fddl_gpu_nci_full_id33_atoms1024_20260830_231458_20260830_234045
pipeline,wl+fddl,wl,fddl,fddl_gpu,wl_fddl_gpu,nci_full,33,2048,LogisticRegression,mccv,2,ok,0.716742,0.703338,0.70874,0.667319,0.456523,0.42723,0.439286,0.346702,0.95803,0.833503,0.418936,0.020158,0.040865,0.019933,0.038639,0.027581,,1799.36,20260830_215551,mc_cv_wl_fddl_gpu_nci_full_id33_atoms2048_20260830_215551_20260830_230316
pipeline,wl+fddl,wl,fddl,fddl_gpu,wl_fddl_gpu,nci_full,33,2048,GradientBoosting,mccv,2,ok,0.704696,0.649084,0.67177,0.647739,0.436739,0.314554,0.365438,0.305957,0.957666,0.830779,0.349255,0.005404,0.011166,0.013887,0.008322,0.010105,,1799.36,20260830_215551,mc_cv_wl_fddl_gpu_nci_full_id33_atoms2048_20260830_215551_20260830_230316
pipeline,wl+fddl,wl,fddl,fddl_gpu,wl_fddl_gpu,nci_full,33,2048,LinearSVM,mccv,2,ok,0.696613,0.720261,0.707597,0.670543,0.414836,0.467136,0.439314,0.35331,0.953751,0.82921,0.416149,0.001152,0.001606,0.019855,0.0016,0.033001,,1799.36,20260830_215551,mc_cv_wl_fddl_gpu_nci_full_id33_atoms2048_20260830_215551_20260830_230316
pipeline,wl+fddl,wl,fddl,fddl_gpu,wl_fddl_gpu,nci_full,33,2048,RandomForest,mccv,2,ok,0.721672,0.710239,0.714284,0.6886,0.465838,0.441315,0.450243,0.387778,0.958303,0.855073,0.430433,0.004276,0.010656,0.049276,0.006963,0.026752,,1799.36,20260830_215551,mc_cv_wl_fddl_gpu_nci_full_id33_atoms2048_20260830_215551_20260830_230316
pipeline,wl+fddl,wl,fddl,fddl_gpu,wl_fddl_gpu,nci_full,33,4096,LogisticRegression,mccv,2,ok,0.730041,0.692038,0.708763,0.68077,0.484068,0.401408,0.438198,0.371037,0.960124,0.85204,0.420056,0.004842,0.01039,0.035607,0.007158,0.012908,,5575.05,20260831_015153,mc_cv_wl_fddl_gpu_nci_full_id33_atoms4096_20260831_015153_20260831_051308
pipeline,wl+fddl,wl,fddl,fddl_gpu,wl_fddl_gpu,nci_full,33,4096,GradientBoosting,mccv,2,ok,0.653078,0.70552,0.674368,0.659882,0.328755,0.448357,0.378754,0.329688,0.942735,0.842315,0.354487,0.01555,0.027699,0.000458,0.02743,0.001161,,5575.05,20260831_015153,mc_cv_wl_fddl_gpu_nci_full_id33_atoms4096_20260831_015153_20260831_051308
pipeline,wl+fddl,wl,fddl,fddl_gpu,wl_fddl_gpu,nci_full,33,4096,LinearSVM,mccv,2,ok,0.715203,0.708023,0.707968,0.693216,0.453034,0.438967,0.438736,0.39654,0.956209,0.846546,0.420023,0.00979,0.014795,0.006333,0.020744,0.005127,,5575.05,20260831_015153,mc_cv_wl_fddl_gpu_nci_full_id33_atoms4096_20260831_015153_20260831_051308
pipeline,wl+fddl,wl,fddl,fddl_gpu,wl_fddl_gpu,nci_full,33,4096,RandomForest,mccv,2,ok,0.72783,0.704891,0.713646,0.688801,0.478595,0.429577,0.448672,0.386956,0.958849,0.860525,0.430292,0.011475,0.019366,0.015221,0.026485,0.017734,,5575.05,20260831_015153,mc_cv_wl_fddl_gpu_nci_full_id33_atoms4096_20260831_015153_20260831_051308
pipeline,wl+csfddl,wl,csfddl,csfddl_gpu,wl_csfddl_gpu,nci_full,33,128,LogisticRegression,artifact,1,ok,0.6072,0.6354,0.6193,0.5883,0.2426,0.3099,0.2722,0.192,0.9357,0.7871,0.241,,,,,,0.8037,,20260902_010357,wl_csfddl_gpu_nci_full_id33_atoms128_20260902_010357_20260902_010531
pipeline,wl+csfddl,wl,csfddl,csfddl_gpu,wl_csfddl_gpu,nci_full,33,128,GradientBoosting,artifact,1,ok,0.6372,0.6912,0.6588,0.6308,0.298,0.4225,0.3495,0.2738,0.939,0.8113,0.3239,,,,,,0.6752,,20260902_010357,wl_csfddl_gpu_nci_full_id33_atoms128_20260902_010357_20260902_010531
pipeline,wl+csfddl,wl,csfddl,csfddl_gpu,wl_csfddl_gpu,nci_full,33,128,LinearSVM,artifact,1,ok,0.6104,0.6217,0.6157,0.5871,0.25,0.277,0.2628,0.1898,0.9397,0.7842,0.2318,,,,,,0.1469,,20260902_010357,wl_csfddl_gpu_nci_full_id33_atoms128_20260902_010357_20260902_010531
pipeline,wl+csfddl,wl,csfddl,csfddl_gpu,wl_csfddl_gpu,nci_full,33,128,RandomForest,artifact,1,ok,0.6571,0.7053,0.6774,0.6731,0.3369,0.446,0.3838,0.3575,0.9445,0.8283,0.3592,,,,,,0.28,,20260902_010357,wl_csfddl_gpu_nci_full_id33_atoms128_20260902_010357_20260902_010531
pipeline,wl+csfddl,wl,csfddl,csfddl_gpu,wl_csfddl_gpu,nci_full,33,256,LogisticRegression,artifact,1,ok,0.6257,0.6263,0.626,0.5922,0.2804,0.2817,0.281,0.1989,0.9441,0.7946,0.252,,,,,,0.8372,,20260902_010018,wl_csfddl_gpu_nci_full_id33_atoms256_20260902_010018_20260902_010310
pipeline,wl+csfddl,wl,csfddl,csfddl_gpu,wl_csfddl_gpu,nci_full,33,256,GradientBoosting,artifact,1,ok,0.6326,0.6546,0.6426,0.6036,0.292,0.3427,0.3153,0.2232,0.9423,0.7824,0.2864,,,,,,0.7003,,20260902_010018,wl_csfddl_gpu_nci_full_id33_atoms256_20260902_010018_20260902_010310
pipeline,wl+csfddl,wl,csfddl,csfddl_gpu,wl_csfddl_gpu,nci_full,33,256,LinearSVM,artifact,1,ok,0.6348,0.6317,0.6332,0.5887,0.2981,0.2911,0.2945,0.1918,0.9459,0.7926,0.2664,,,,,,0.1536,,20260902_010018,wl_csfddl_gpu_nci_full_id33_atoms256_20260902_010018_20260902_010310
pipeline,wl+csfddl,wl,csfddl,csfddl_gpu,wl_csfddl_gpu,nci_full,33,256,RandomForest,artifact,1,ok,0.6446,0.6883,0.663,0.6737,0.3132,0.4131,0.3563,0.3614,0.9421,0.8117,0.33,,,,,,0.28,,20260902_010018,wl_csfddl_gpu_nci_full_id33_atoms256_20260902_010018_20260902_010310
pipeline,wl+csfddl,wl,csfddl,csfddl_gpu,wl_csfddl_gpu,nci_full,33,512,LogisticRegression,artifact,1,ok,0.6597,0.6691,0.6643,0.6232,0.3451,0.3662,0.3554,0.2612,0.9485,0.8038,0.3287,,,,,,0.8304,,20260902_010619,wl_csfddl_gpu_nci_full_id33_atoms512_20260902_010619_20260902_011202
pipeline,wl+csfddl,wl,csfddl,csfddl_gpu,wl_csfddl_gpu,nci_full,33,512,GradientBoosting,artifact,1,ok,0.6279,0.6789,0.6482,0.6289,0.2805,0.3991,0.3295,0.272,0.937,0.7989,0.3026,,,,,,0.661,,20260902_010619,wl_csfddl_gpu_nci_full_id33_atoms512_20260902_010619_20260902_011202
pipeline,wl+csfddl,wl,csfddl,csfddl_gpu,wl_csfddl_gpu,nci_full,33,512,LinearSVM,artifact,1,ok,0.6412,0.6962,0.6632,0.625,0.3056,0.4319,0.358,0.2645,0.9399,0.8036,0.3328,,,,,,0.1312,,20260902_010619,wl_csfddl_gpu_nci_full_id33_atoms512_20260902_010619_20260902_011202
pipeline,wl+csfddl,wl,csfddl,csfddl_gpu,wl_csfddl_gpu,nci_full,33,512,RandomForest,artifact,1,ok,0.6748,0.7231,0.6955,0.6774,0.3709,0.4789,0.418,0.3676,0.9483,0.8244,0.3949,,,,,,0.29,,20260902_010619,wl_csfddl_gpu_nci_full_id33_atoms512_20260902_010619_20260902_011202
pipeline,wl+csfddl,wl,csfddl,csfddl_gpu,wl_csfddl_gpu,nci_full,33,1024,LogisticRegression,artifact,1,ok,0.6432,0.7114,0.6693,0.6256,0.3084,0.4648,0.3708,0.268,0.9388,0.7949,0.3479,,,,,,0.7629,,20260902_011233,wl_csfddl_gpu_nci_full_id33_atoms1024_20260902_011233_20260902_012538
pipeline,wl+csfddl,wl,csfddl,csfddl_gpu,wl_csfddl_gpu,nci_full,33,1024,GradientBoosting,artifact,1,ok,0.659,0.6711,0.6648,0.6289,0.3435,0.3709,0.3567,0.2715,0.9481,0.809,0.3299,,,,,,0.6943,,20260902_011233,wl_csfddl_gpu_nci_full_id33_atoms1024_20260902_011233_20260902_012538
pipeline,wl+csfddl,wl,csfddl,csfddl_gpu,wl_csfddl_gpu,nci_full,33,1024,LinearSVM,artifact,1,ok,0.6418,0.6878,0.6609,0.6313,0.3077,0.4131,0.3527,0.2795,0.9412,0.7944,0.3264,,,,,,0.1365,,20260902_011233,wl_csfddl_gpu_nci_full_id33_atoms1024_20260902_011233_20260902_012538
pipeline,wl+csfddl,wl,csfddl,csfddl_gpu,wl_csfddl_gpu,nci_full,33,1024,RandomForest,artifact,1,ok,0.6987,0.6951,0.6969,0.6691,0.4211,0.4131,0.4171,0.3513,0.9552,0.8174,0.3938,,,,,,0.3494,,20260902_011233,wl_csfddl_gpu_nci_full_id33_atoms1024_20260902_011233_20260902_012538
pipeline,wl+csfddl,wl,csfddl,csfddl_gpu,wl_csfddl_gpu,nci_full,33,2048,LogisticRegression,artifact,1,ok,0.6822,0.6715,0.6767,0.6282,0.39,0.3662,0.3777,0.2726,0.9532,0.7926,0.3536,,,,,,0.8635,,20260902_012635,wl_csfddl_gpu_nci_full_id33_atoms2048_20260902_012635_20260902_020138
pipeline,wl+csfddl,wl,csfddl,csfddl_gpu,wl_csfddl_gpu,nci_full,33,2048,GradientBoosting,artifact,1,ok,0.6782,0.658,0.6674,0.6555,0.383,0.338,0.3591,0.3252,0.9532,0.8076,0.3356,,,,,,0.7027,,20260902_012635,wl_csfddl_gpu_nci_full_id33_atoms2048_20260902_012635_20260902_020138
pipeline,wl+csfddl,wl,csfddl,csfddl_gpu,wl_csfddl_gpu,nci_full,33,2048,LinearSVM,artifact,1,ok,0.6741,0.6881,0.6808,0.6314,0.3723,0.4038,0.3874,0.2785,0.9505,0.7951,0.3619,,,,,,0.1569,,20260902_012635,wl_csfddl_gpu_nci_full_id33_atoms2048_20260902_012635_20260902_020138
pipeline,wl+csfddl,wl,csfddl,csfddl_gpu,wl_csfddl_gpu,nci_full,33,2048,RandomForest,artifact,1,ok,0.6887,0.6853,0.687,0.6801,0.4019,0.3944,0.3981,0.3732,0.9538,0.8217,0.3741,,,,,,0.34,,20260902_012635,wl_csfddl_gpu_nci_full_id33_atoms2048_20260902_012635_20260902_020138
pipeline,wl+csfddl,wl,csfddl,csfddl_gpu,wl_csfddl_gpu,nci_full,33,4096,LogisticRegression,artifact,1,ok,0.6755,0.6905,0.6826,0.6312,0.375,0.4085,0.391,0.279,0.9507,0.794,0.3657,,,,,,0.8374,,20260902_030908,wl_csfddl_gpu_nci_full_id33_atoms4096_20260902_030908_20260902_045046
pipeline,wl+csfddl,wl,csfddl,csfddl_gpu,wl_csfddl_gpu,nci_full,33,4096,GradientBoosting,artifact,1,ok,0.6629,0.6673,0.6651,0.6397,0.3516,0.3615,0.3565,0.2949,0.9494,0.7969,0.3302,,,,,,0.6733,,20260902_030908,wl_csfddl_gpu_nci_full_id33_atoms4096_20260902_030908_20260902_045046
pipeline,wl+csfddl,wl,csfddl,csfddl_gpu,wl_csfddl_gpu,nci_full,33,4096,LinearSVM,artifact,1,ok,0.7195,0.6746,0.6941,0.6373,0.4643,0.3662,0.4094,0.2903,0.959,0.7954,0.3915,,,,,,0.1943,,20260902_030908,wl_csfddl_gpu_nci_full_id33_atoms4096_20260902_030908_20260902_045046
pipeline,wl+csfddl,wl,csfddl,csfddl_gpu,wl_csfddl_gpu,nci_full,33,4096,RandomForest,artifact,1,ok,0.6907,0.6855,0.6881,0.6769,0.4058,0.3944,0.4,0.366,0.9541,0.8275,0.3762,,,,,,0.3593,,20260902_030908,wl_csfddl_gpu_nci_full_id33_atoms4096_20260902_030908_20260902_045046
pipeline,wl+frozen_ksvd,wl,frozen_ksvd,frozen_ksvd_gpu,wl_frozen_ksvd_gpu,nci_full,33,128,LogisticRegression,artifact,1,ok,0.6705,0.6682,0.6693,0.6468,0.3667,0.3615,0.3641,0.3086,0.951,0.8069,0.3386,,,,,,0.8205,,20260830_224923,wl_frozen_ksvd_gpu_nci_full_id33_atoms128_20260830_224923_20260830_224949
pipeline,wl+frozen_ksvd,wl,frozen_ksvd,frozen_ksvd_gpu,wl_frozen_ksvd_gpu,nci_full,33,128,GradientBoosting,artifact,1,ok,0.6355,0.674,0.6518,0.6427,0.296,0.385,0.3347,0.2992,0.9406,0.797,0.3071,,,,,,0.6584,,20260830_224923,wl_frozen_ksvd_gpu_nci_full_id33_atoms128_20260830_224923_20260830_224949
pipeline,wl+frozen_ksvd,wl,frozen_ksvd,frozen_ksvd_gpu,wl_frozen_ksvd_gpu,nci_full,33,128,LinearSVM,artifact,1,ok,0.6461,0.6992,0.6677,0.6406,0.3153,0.4366,0.3661,0.2965,0.9414,0.8004,0.3412,,,,,,0.1207,,20260830_224923,wl_frozen_ksvd_gpu_nci_full_id33_atoms128_20260830_224923_20260830_224949
pipeline,wl+frozen_ksvd,wl,frozen_ksvd,frozen_ksvd_gpu,wl_frozen_ksvd_gpu,nci_full,33,128,RandomForest,artifact,1,ok,0.6806,0.7304,0.7019,0.7019,0.3818,0.493,0.4303,0.4178,0.9494,0.8076,0.4079,,,,,,0.33,,20260830_224923,wl_frozen_ksvd_gpu_nci_full_id33_atoms128_20260830_224923_20260830_224949
pipeline,wl+frozen_ksvd,wl,frozen_ksvd,frozen_ksvd_gpu,wl_frozen_ksvd_gpu,nci_full,33,256,LogisticRegression,artifact,1,ok,0.6818,0.7021,0.6913,0.6551,0.3866,0.4319,0.408,0.3249,0.9514,0.8106,0.3834,,,,,,0.8121,,20260830_225031,wl_frozen_ksvd_gpu_nci_full_id33_atoms256_20260830_225031_20260830_225100
pipeline,wl+frozen_ksvd,wl,frozen_ksvd,frozen_ksvd_gpu,wl_frozen_ksvd_gpu,nci_full,33,256,GradientBoosting,artifact,1,ok,0.6589,0.6625,0.6607,0.6602,0.344,0.3521,0.348,0.3332,0.9488,0.8122,0.3214,,,,,,0.664,,20260830_225031,wl_frozen_ksvd_gpu_nci_full_id33_atoms256_20260830_225031_20260830_225100
pipeline,wl+frozen_ksvd,wl,frozen_ksvd,frozen_ksvd_gpu,wl_frozen_ksvd_gpu,nci_full,33,256,LinearSVM,artifact,1,ok,0.677,0.6841,0.6804,0.6392,0.3784,0.3944,0.3862,0.2942,0.9514,0.8006,0.361,,,,,,0.1736,,20260830_225031,wl_frozen_ksvd_gpu_nci_full_id33_atoms256_20260830_225031_20260830_225100
pipeline,wl+frozen_ksvd,wl,frozen_ksvd,frozen_ksvd_gpu,wl_frozen_ksvd_gpu,nci_full,33,256,RandomForest,artifact,1,ok,0.7294,0.7066,0.7173,0.7139,0.4817,0.4319,0.4554,0.4386,0.9599,0.8394,0.4354,,,,,,0.38,,20260830_225031,wl_frozen_ksvd_gpu_nci_full_id33_atoms256_20260830_225031_20260830_225100
pipeline,wl+frozen_ksvd,wl,frozen_ksvd,frozen_ksvd_gpu,wl_frozen_ksvd_gpu,nci_full,33,512,LogisticRegression,artifact,1,ok,0.719,0.65,0.6772,0.6308,0.4653,0.3146,0.3754,0.2757,0.9594,0.8003,0.3625,,,,,,0.8559,,20260830_225125,wl_frozen_ksvd_gpu_nci_full_id33_atoms512_20260830_225125_20260830_225201
pipeline,wl+frozen_ksvd,wl,frozen_ksvd,frozen_ksvd_gpu,wl_frozen_ksvd_gpu,nci_full,33,512,GradientBoosting,artifact,1,ok,0.6528,0.6618,0.6571,0.6214,0.3319,0.3521,0.3417,0.2603,0.9474,0.7784,0.3145,,,,,,0.6524,,20260830_225125,wl_frozen_ksvd_gpu_nci_full_id33_atoms512_20260830_225125_20260830_225201
pipeline,wl+frozen_ksvd,wl,frozen_ksvd,frozen_ksvd_gpu,wl_frozen_ksvd_gpu,nci_full,33,512,LinearSVM,artifact,1,ok,0.6425,0.6667,0.6535,0.6128,0.3108,0.3662,0.3362,0.241,0.9439,0.7775,0.3083,,,,,,0.144,,20260830_225125,wl_frozen_ksvd_gpu_nci_full_id33_atoms512_20260830_225125_20260830_225201
pipeline,wl+frozen_ksvd,wl,frozen_ksvd,frozen_ksvd_gpu,wl_frozen_ksvd_gpu,nci_full,33,512,RandomForest,artifact,1,ok,0.7209,0.6635,0.6873,0.701,0.4679,0.3427,0.3957,0.4149,0.9594,0.8214,0.3801,,,,,,0.4,,20260830_225125,wl_frozen_ksvd_gpu_nci_full_id33_atoms512_20260830_225125_20260830_225201
pipeline,wl+frozen_ksvd,wl,frozen_ksvd,frozen_ksvd_gpu,wl_frozen_ksvd_gpu,nci_full,33,1024,LogisticRegression,artifact,1,ok,0.662,0.6888,0.6742,0.6388,0.348,0.4085,0.3758,0.2903,0.9474,0.826,0.3497,,,,,,0.7845,,20260830_225224,wl_frozen_ksvd_gpu_nci_full_id33_atoms1024_20260830_225224_20260830_225313
pipeline,wl+frozen_ksvd,wl,frozen_ksvd,frozen_ksvd_gpu,wl_frozen_ksvd_gpu,nci_full,33,1024,GradientBoosting,artifact,1,ok,0.6563,0.6493,0.6527,0.6183,0.3399,0.3239,0.3317,0.2508,0.9494,0.7943,0.3055,,,,,,0.6913,,20260830_225224,wl_frozen_ksvd_gpu_nci_full_id33_atoms1024_20260830_225224_20260830_225313
pipeline,wl+frozen_ksvd,wl,frozen_ksvd,frozen_ksvd_gpu,wl_frozen_ksvd_gpu,nci_full,33,1024,LinearSVM,artifact,1,ok,0.6614,0.7038,0.6797,0.6317,0.3456,0.4413,0.3876,0.2767,0.9459,0.8145,0.3627,,,,,,0.1264,,20260830_225224,wl_frozen_ksvd_gpu_nci_full_id33_atoms1024_20260830_225224_20260830_225313
pipeline,wl+frozen_ksvd,wl,frozen_ksvd,frozen_ksvd_gpu,wl_frozen_ksvd_gpu,nci_full,33,1024,RandomForest,artifact,1,ok,0.7559,0.6586,0.6945,0.7028,0.5385,0.3286,0.4082,0.4162,0.963,0.8433,0.403,,,,,,0.42,,20260830_225224,wl_frozen_ksvd_gpu_nci_full_id33_atoms1024_20260830_225224_20260830_225313
pipeline,wl+frozen_ksvd,wl,frozen_ksvd,frozen_ksvd_gpu,wl_frozen_ksvd_gpu,nci_full,33,2048,LogisticRegression,artifact,1,ok,0.6839,0.6563,0.6688,0.6391,0.3944,0.3333,0.3613,0.2907,0.9543,0.8303,0.3391,,,,,,0.8396,,20260830_225526,wl_frozen_ksvd_gpu_nci_full_id33_atoms2048_20260830_225526_20260830_225647
pipeline,wl+frozen_ksvd,wl,frozen_ksvd,frozen_ksvd_gpu,wl_frozen_ksvd_gpu,nci_full,33,2048,GradientBoosting,artifact,1,ok,0.6152,0.6985,0.6429,0.6158,0.2533,0.4507,0.3243,0.2473,0.9272,0.7779,0.3025,,,,,,0.6071,,20260830_225526,wl_frozen_ksvd_gpu_nci_full_id33_atoms2048_20260830_225526_20260830_225647
pipeline,wl+frozen_ksvd,wl,frozen_ksvd,frozen_ksvd_gpu,wl_frozen_ksvd_gpu,nci_full,33,2048,LinearSVM,artifact,1,ok,0.6766,0.6185,0.641,0.6284,0.383,0.2535,0.3051,0.2706,0.9552,0.8133,0.2894,,,,,,0.1982,,20260830_225526,wl_frozen_ksvd_gpu_nci_full_id33_atoms2048_20260830_225526_20260830_225647
pipeline,wl+frozen_ksvd,wl,frozen_ksvd,frozen_ksvd_gpu,wl_frozen_ksvd_gpu,nci_full,33,2048,RandomForest,artifact,1,ok,0.7609,0.6883,0.718,0.7188,0.5461,0.3897,0.4548,0.4479,0.9638,0.8464,0.4433,,,,,,0.38,,20260830_225526,wl_frozen_ksvd_gpu_nci_full_id33_atoms2048_20260830_225526_20260830_225647
pipeline,wl+frozen_ksvd,wl,frozen_ksvd,frozen_ksvd_gpu,wl_frozen_ksvd_gpu,nci_full,33,4096,LogisticRegression,artifact,1,ok,0.6606,0.6584,0.6595,0.6148,0.3476,0.3427,0.3452,0.243,0.9496,0.7975,0.3189,,,,,,0.7549,,20260830_225730,wl_frozen_ksvd_gpu_nci_full_id33_atoms4096_20260830_225730_20260830_230051
pipeline,wl+frozen_ksvd,wl,frozen_ksvd,frozen_ksvd_gpu,wl_frozen_ksvd_gpu,nci_full,33,4096,GradientBoosting,artifact,1,ok,0.6415,0.6453,0.6434,0.5994,0.3105,0.3192,0.3148,0.2219,0.9461,0.7159,0.2868,,,,,,0.5935,,20260830_225730,wl_frozen_ksvd_gpu_nci_full_id33_atoms4096_20260830_225730_20260830_230051
pipeline,wl+frozen_ksvd,wl,frozen_ksvd,frozen_ksvd_gpu,wl_frozen_ksvd_gpu,nci_full,33,4096,LinearSVM,artifact,1,ok,0.6198,0.6544,0.6344,0.6045,0.2662,0.3474,0.3014,0.2232,0.9375,0.7844,0.272,,,,,,0.122,,20260830_225730,wl_frozen_ksvd_gpu_nci_full_id33_atoms4096_20260830_225730_20260830_230051
pipeline,wl+frozen_ksvd,wl,frozen_ksvd,frozen_ksvd_gpu,wl_frozen_ksvd_gpu,nci_full,33,4096,RandomForest,artifact,1,ok,0.6896,0.6964,0.6929,0.6939,0.4027,0.4178,0.4101,0.4035,0.9534,0.7968,0.386,,,,,,0.33,,20260830_225730,wl_frozen_ksvd_gpu_nci_full_id33_atoms4096_20260830_225730_20260830_230051
pipeline,wl_edge+fddl,wl_edge,fddl,fddl_gpu,wl_edge_fddl_gpu,nci_full,33,128,LogisticRegression,artifact,1,ok,0.6183,0.6624,0.636,0.5948,0.2626,0.3662,0.3059,0.203,0.9355,0.7998,0.2772,,,,,,0.7746,,20260831_143117,wl_edge_fddl_gpu_nci_full_id33_atoms128_20260831_143117_20260831_151914
pipeline,wl_edge+fddl,wl_edge,fddl,fddl_gpu,wl_edge_fddl_gpu,nci_full,33,128,GradientBoosting,artifact,1,ok,0.6438,0.6541,0.6488,0.6071,0.3144,0.338,0.3258,0.2267,0.9457,0.8064,0.2978,,,,,,0.6812,,20260831_143117,wl_edge_fddl_gpu_nci_full_id33_atoms128_20260831_143117_20260831_151914
pipeline,wl_edge+fddl,wl_edge,fddl,fddl_gpu,wl_edge_fddl_gpu,nci_full,33,128,LinearSVM,artifact,1,ok,0.6294,0.6708,0.6466,0.6001,0.2842,0.3803,0.3253,0.2137,0.9388,0.8031,0.2974,,,,,,0.1454,,20260831_143117,wl_edge_fddl_gpu_nci_full_id33_atoms128_20260831_143117_20260831_151914
pipeline,wl_edge+fddl,wl_edge,fddl,fddl_gpu,wl_edge_fddl_gpu,nci_full,33,128,RandomForest,artifact,1,ok,0.7077,0.687,0.6968,0.6853,0.4398,0.3944,0.4158,0.3817,0.957,0.8362,0.3942,,,,,,0.33,,20260831_143117,wl_edge_fddl_gpu_nci_full_id33_atoms128_20260831_143117_20260831_151914
pipeline,wl_edge+fddl,wl_edge,fddl,fddl_gpu,wl_edge_fddl_gpu,nci_full,33,256,LogisticRegression,artifact,1,ok,0.615,0.7372,0.6491,0.6074,0.2495,0.5399,0.3412,0.2291,0.9192,0.8065,0.3303,,,,,,0.7143,,20260831_155151,wl_edge_fddl_gpu_nci_full_id33_atoms256_20260831_155151_20260831_172622
pipeline,wl_edge+fddl,wl_edge,fddl,fddl_gpu,wl_edge_fddl_gpu,nci_full,33,256,GradientBoosting,artifact,1,ok,0.6609,0.6346,0.6464,0.6323,0.3503,0.2911,0.3179,0.2787,0.9516,0.7997,0.2944,,,,,,0.7243,,20260831_155151,wl_edge_fddl_gpu_nci_full_id33_atoms256_20260831_155151_20260831_172622
pipeline,wl_edge+fddl,wl_edge,fddl,fddl_gpu,wl_edge_fddl_gpu,nci_full,33,256,LinearSVM,artifact,1,ok,0.636,0.7078,0.6627,0.6134,0.2943,0.4601,0.359,0.2418,0.9363,0.812,0.3362,,,,,,0.1364,,20260831_155151,wl_edge_fddl_gpu_nci_full_id33_atoms256_20260831_155151_20260831_172622
pipeline,wl_edge+fddl,wl_edge,fddl,fddl_gpu,wl_edge_fddl_gpu,nci_full,33,256,RandomForest,artifact,1,ok,0.6826,0.7022,0.6918,0.6929,0.3882,0.4319,0.4089,0.3981,0.9516,0.8276,0.3843,,,,,,0.28,,20260831_155151,wl_edge_fddl_gpu_nci_full_id33_atoms256_20260831_155151_20260831_172622
pipeline,wl_edge+fddl,wl_edge,fddl,fddl_gpu,wl_edge_fddl_gpu,nci_full,33,2048,LogisticRegression,artifact,1,ok,0.6912,0.6548,0.6708,0.6412,0.4094,0.3286,0.3646,0.2955,0.9556,0.8307,0.3441,,,,,,0.8766,,20260831_174253,wl_edge_fddl_gpu_nci_full_id33_atoms2048_20260831_174253_20260901_104229
pipeline,wl_edge+fddl,wl_edge,fddl,fddl_gpu,wl_edge_fddl_gpu,nci_full,33,2048,GradientBoosting,artifact,1,ok,0.6749,0.6882,0.6813,0.6301,0.3739,0.4038,0.3883,0.2729,0.9507,0.8044,0.3629,,,,,,0.6615,,20260831_174253,wl_edge_fddl_gpu_nci_full_id33_atoms2048_20260831_174253_20260901_104229
pipeline,wl_edge+fddl,wl_edge,fddl,fddl_gpu,wl_edge_fddl_gpu,nci_full,33,2048,LinearSVM,artifact,1,ok,0.7173,0.7212,0.7192,0.6555,0.4562,0.4648,0.4605,0.3257,0.9578,0.8218,0.4385,,,,,,0.1727,,20260831_174253,wl_edge_fddl_gpu_nci_full_id33_atoms2048_20260831_174253_20260901_104229
pipeline,wl_edge+fddl,wl_edge,fddl,fddl_gpu,wl_edge_fddl_gpu,nci_full,33,2048,RandomForest,artifact,1,ok,0.7034,0.6933,0.6982,0.6846,0.4307,0.4085,0.4193,0.3823,0.9561,0.8238,0.3966,,,,,,0.33,,20260831_174253,wl_edge_fddl_gpu_nci_full_id33_atoms2048_20260831_174253_20260901_104229
baseline,sf,,,,sf,nci_full,33,26,LogisticRegression,kfold,10,ok,0.544666,0.605057,0.55458,0.54114,0.119415,0.299296,0.169796,0.104543,0.887098,0.675518,0.136633,0.010287,0.020408,0.016434,0.025948,0.025657,,,20260902_020431,kfold_sf_nci_full_id33_dim26_20260902_020431_20260902_021124
baseline,sf,,,,sf,nci_full,33,26,GradientBoosting,kfold,10,ok,0.629665,0.619418,0.623316,0.586804,0.288877,0.265493,0.274746,0.189804,0.945885,0.756173,0.248048,0.017643,0.034739,0.026545,0.034909,0.01732,,,20260902_020431,kfold_sf_nci_full_id33_dim26_20260902_020431_20260902_021124
baseline,sf,,,,sf,nci_full,33,26,LinearSVM,kfold,10,ok,0.542091,0.597902,0.551059,0.538589,0.114879,0.285211,0.163135,0.100511,0.886333,0.669015,0.128132,0.010263,0.017506,0.015028,0.020491,0.021774,,,20260902_020431,kfold_sf_nci_full_id33_dim26_20260902_020431_20260902_021124
baseline,sf,,,,sf,nci_full,33,26,RandomForest,kfold,10,ok,0.712479,0.688065,0.697615,0.649184,0.449209,0.396479,0.417544,0.311652,0.95703,0.811357,0.398175,0.010054,0.018768,0.030667,0.021807,0.016297,,,20260902_020431,kfold_sf_nci_full_id33_dim26_20260902_020431_20260902_021124
baseline,graph2vec,,,,graph2vec,nci_full,33,1024,LogisticRegression,artifact,1,ok,0.6328,0.6563,0.6434,0.6128,0.2922,0.3465,0.317,0.2361,0.9421,0.8325,0.2881,,,,,,0.9,,20260902_021843,graph2vec_nci_full_id33_atoms1024_20260902_021843_20260902_024143
baseline,graph2vec,,,,graph2vec,nci_full,33,1024,GradientBoosting,artifact,1,ok,0.6635,0.6987,0.6791,0.6599,0.3502,0.4296,0.3858,0.3282,0.947,0.8564,0.3605,,,,,,0.6576,,20260902_021843,graph2vec_nci_full_id33_atoms1024_20260902_021843_20260902_024143
baseline,graph2vec,,,,graph2vec,nci_full,33,1024,LinearSVM,artifact,1,ok,0.6388,0.6883,0.659,0.6265,0.3016,0.4155,0.3495,0.2627,0.94,0.8455,0.3234,,,,,,0.122,,20260902_021843,graph2vec_nci_full_id33_atoms1024_20260902_021843_20260902_024143
baseline,graph2vec,,,,graph2vec,nci_full,33,1024,RandomForest,artifact,1,ok,0.7535,0.7024,0.7247,0.7136,0.5302,0.4197,0.4686,0.4346,0.9631,0.8851,0.453,,,,,,0.28,,20260902_021843,graph2vec_nci_full_id33_atoms1024_20260902_021843_20260902_024143
