metric,n_combinations,max_abs_diff,mean_abs_diff,n_fddl_higher,n_equal,n_pure_higher,mean_seed_std_pure
Macro-F1,22,0.001,0.00039,5,0,17,0.0093
MCC,22,0.002,0.00052,5,0,17,0.0168
ROC-AUC,22,0.0004,0.00015,0,6,16,0.0156
Macro-PR-AUC,22,0.0011,0.00029,5,5,12,0.015
Accuracy,22,0.001,0.00053,5,0,17,0.0092
Macro-Precision,22,0.0007,0.00023,5,3,14,0.006
Macro-Recall,22,0.0015,0.00055,5,0,17,0.0142
Minority-F1,22,0.0017,0.00047,3,1,18,0.014
Minority-Precision,22,0.0014,0.00049,5,0,17,0.0111
Minority-Recall,22,0.004,0.00108,5,10,7,0.0295
Minority-PR-AUC,22,0.0023,0.00061,5,2,15,0.0291
