phase,mean_sec,std_sec,min_sec,max_sec,n
data_load,6.31,0.17,6.12,6.50,5
partition,0.02,0.00,0.02,0.02,5
fit_encoder_dict,10883.09,186.46,10664.60,11040.09,5
sparse_codes_train,150.68,4.11,145.65,155.70,5
sparse_codes_val,149.08,4.12,143.98,154.07,5
sparse_codes_test,149.10,4.10,144.06,154.09,5
val_logreg,13.67,0.26,13.29,13.92,5
val_gboost,860.42,6.19,855.72,871.08,5
val_svm,111.53,7.14,102.13,121.67,5
val_rf,14.00,0.44,13.54,14.59,5
test_logreg,13.70,0.19,13.46,13.95,5
test_gboost,859.07,6.66,854.26,870.55,5
test_svm,111.36,6.60,102.47,120.55,5
test_rf,14.01,0.46,13.51,14.61,5
src_embeddings,1.11,0.01,1.10,1.13,5
src_pure,334.60,4.49,328.81,339.94,5
src_fddl,335.90,4.78,330.28,340.82,5
seed_total,14007.78,214.87,13749.52,14186.09,5
