encoder,dict_learner,dict_learner_impl,implementation,dataset,atoms,classifier,source,n_seeds,macro_precision,macro_recall,macro_f1,macro_pr_auc,minority_precision,minority_recall,minority_f1,minority_pr_auc,accuracy,roc_auc,mcc,macro_f1_std,minority_f1_std,minority_pr_auc_std,mcc_std,roc_auc_std,threshold,fit_seconds,run_started,run_id
wl,fddl,fddl_gpu,wl_fddl_gpu,nci_full,32,LogisticRegression,mccv,5,0.63612,0.653888,0.642157,0.614885,0.304578,0.347692,0.320495,0.244804,0.931348,0.807921,0.287769,0.009119,0.020717,0.015933,0.020115,0.009374,,29.2,20260729_191847,mc_cv_wl_fddl_gpu_nci_full_atoms32_20260729_191847_20260729_192408
wl,fddl,fddl_gpu,wl_fddl_gpu,nci_full,32,GradientBoosting,mccv,5,0.646161,0.654432,0.649513,0.626555,0.324698,0.344615,0.333104,0.269478,0.935174,0.799069,0.299977,0.021294,0.040165,0.043848,0.042107,0.014261,,29.2,20260729_191847,mc_cv_wl_fddl_gpu_nci_full_atoms32_20260729_191847_20260729_192408
wl,fddl,fddl_gpu,wl_fddl_gpu,nci_full,32,LinearSVM,mccv,5,0.630116,0.65144,0.637663,0.615945,0.292773,0.344615,0.312529,0.246715,0.929471,0.809207,0.279136,0.007757,0.019099,0.016375,0.018582,0.00986,,29.2,20260729_191847,mc_cv_wl_fddl_gpu_nci_full_atoms32_20260729_191847_20260729_192408
wl,fddl,fddl_gpu,wl_fddl_gpu,nci_full,32,RandomForest,mccv,5,0.708663,0.683814,0.692827,0.6798,0.447066,0.393077,0.413278,0.374062,0.947266,0.827687,0.389512,0.015521,0.027414,0.034999,0.033343,0.017958,,29.2,20260729_191847,mc_cv_wl_fddl_gpu_nci_full_atoms32_20260729_191847_20260729_192408
wl,fddl,fddl_gpu,wl_fddl_gpu,nci_full,64,LogisticRegression,mccv,5,0.647517,0.681918,0.658755,0.643187,0.324563,0.407692,0.35436,0.300482,0.93041,0.822703,0.324807,0.00667,0.011851,0.025118,0.013425,0.013619,,,20260728_200758,mc_cv_wl_fddl_gpu_nci_full_atoms64_20260728_200758_20260728_201435
wl,fddl,fddl_gpu,wl_fddl_gpu,nci_full,64,GradientBoosting,mccv,5,0.643523,0.656197,0.64789,0.629743,0.31921,0.35,0.330702,0.273888,0.933658,0.813762,0.298169,0.012321,0.024002,0.022108,0.02517,0.007359,,,20260728_200758,mc_cv_wl_fddl_gpu_nci_full_atoms64_20260728_200758_20260728_201435
wl,fddl,fddl_gpu,wl_fddl_gpu,nci_full,64,LinearSVM,mccv,5,0.659676,0.704889,0.678041,0.651214,0.346736,0.452308,0.391114,0.316139,0.933766,0.829467,0.361163,0.006902,0.010723,0.019329,0.010248,0.011245,,,20260728_200758,mc_cv_wl_fddl_gpu_nci_full_atoms64_20260728_200758_20260728_201435
wl,fddl,fddl_gpu,wl_fddl_gpu,nci_full,64,RandomForest,mccv,5,0.72645,0.698254,0.709825,0.688874,0.481316,0.419231,0.445237,0.390692,0.951092,0.842611,0.422477,0.02038,0.03932,0.020512,0.039881,0.006845,,,20260728_200758,mc_cv_wl_fddl_gpu_nci_full_atoms64_20260728_200758_20260728_201435
wl,fddl,fddl_gpu,wl_fddl_gpu,nci_full,128,LogisticRegression,mccv,5,0.657195,0.69209,0.670108,0.635868,0.343021,0.425385,0.375211,0.283918,0.933766,0.835436,0.345637,0.012095,0.024045,0.010945,0.025578,0.00744,,,20260728_214306,mc_cv_wl_fddl_gpu_nci_full_atoms128_20260728_214306_20260728_215203
wl,fddl,fddl_gpu,wl_fddl_gpu,nci_full,128,GradientBoosting,mccv,5,0.66894,0.666629,0.66455,0.653211,0.369122,0.364615,0.360437,0.319127,0.9403,0.828441,0.332861,0.01973,0.041165,0.04136,0.040237,0.013549,,,20260728_214306,mc_cv_wl_fddl_gpu_nci_full_atoms128_20260728_214306_20260728_215203
wl,fddl,fddl_gpu,wl_fddl_gpu,nci_full,128,LinearSVM,mccv,5,0.664289,0.692476,0.674623,0.646101,0.35721,0.423846,0.383092,0.303925,0.935896,0.843085,0.353795,0.007068,0.011681,0.013957,0.011744,0.008207,,,20260728_214306,mc_cv_wl_fddl_gpu_nci_full_atoms128_20260728_214306_20260728_215203
wl,fddl,fddl_gpu,wl_fddl_gpu,nci_full,128,RandomForest,mccv,5,0.708985,0.704815,0.702869,0.689886,0.445621,0.437692,0.433637,0.391782,0.946869,0.851384,0.410354,0.017167,0.034917,0.045642,0.033305,0.014106,,,20260728_214306,mc_cv_wl_fddl_gpu_nci_full_atoms128_20260728_214306_20260728_215203
wl,fddl,fddl_gpu,wl_fddl_gpu,nci_full,256,LogisticRegression,mccv,5,0.679884,0.700057,0.687834,0.664271,0.387776,0.434615,0.406952,0.340206,0.940588,0.850477,0.37819,0.011741,0.022288,0.031608,0.023797,0.014857,,,20260728_215605,mc_cv_wl_fddl_gpu_nci_full_atoms256_20260728_215605_20260728_221140
wl,fddl,fddl_gpu,wl_fddl_gpu,nci_full,256,GradientBoosting,mccv,5,0.659967,0.690805,0.672827,0.664524,0.348747,0.420769,0.379685,0.341428,0.935499,0.836764,0.348718,0.007616,0.014329,0.01605,0.015419,0.014487,,,20260728_215605,mc_cv_wl_fddl_gpu_nci_full_atoms256_20260728_215605_20260728_221140
wl,fddl,fddl_gpu,wl_fddl_gpu,nci_full,256,LinearSVM,mccv,5,0.667257,0.711738,0.685342,0.665824,0.361261,0.463846,0.404307,0.343551,0.936365,0.851047,0.375604,0.016645,0.03386,0.031515,0.036569,0.018532,,,20260728_215605,mc_cv_wl_fddl_gpu_nci_full_atoms256_20260728_215605_20260728_221140
wl,fddl,fddl_gpu,wl_fddl_gpu,nci_full,256,RandomForest,mccv,5,0.741391,0.720524,0.727968,0.717761,0.509063,0.463846,0.480499,0.447439,0.953113,0.859737,0.459296,0.005461,0.012627,0.019846,0.009182,0.01033,,,20260728_215605,mc_cv_wl_fddl_gpu_nci_full_atoms256_20260728_215605_20260728_221140
wl,fddl,fddl_gpu,wl_fddl_gpu,nci_full,512,LogisticRegression,mccv,5,0.693332,0.706306,0.692598,0.674901,0.414024,0.446923,0.416126,0.362909,0.941346,0.833111,0.39357,0.015411,0.029944,0.025101,0.02691,0.006064,,,20260728_221425,mc_cv_wl_fddl_gpu_nci_full_atoms512_20260728_221425_20260728_224332
wl,fddl,fddl_gpu,wl_fddl_gpu,nci_full,512,GradientBoosting,mccv,5,0.678507,0.694068,0.685,0.667392,0.385622,0.421538,0.401025,0.348589,0.941021,0.82476,0.371525,0.005022,0.010912,0.02513,0.011758,0.012764,,,20260728_221425,mc_cv_wl_fddl_gpu_nci_full_atoms512_20260728_221425_20260728_224332
wl,fddl,fddl_gpu,wl_fddl_gpu,nci_full,512,LinearSVM,mccv,5,0.669881,0.698845,0.682437,0.661653,0.367845,0.434615,0.397406,0.337524,0.938278,0.824194,0.367156,0.005732,0.012365,0.026357,0.013365,0.005467,,,20260728_221425,mc_cv_wl_fddl_gpu_nci_full_atoms512_20260728_221425_20260728_224332
wl,fddl,fddl_gpu,wl_fddl_gpu,nci_full,512,RandomForest,mccv,5,0.751216,0.703628,0.723635,0.70349,0.530416,0.426154,0.470739,0.419576,0.955062,0.84714,0.451521,0.006185,0.012132,0.024421,0.013154,0.007414,,,20260728_221425,mc_cv_wl_fddl_gpu_nci_full_atoms512_20260728_221425_20260728_224332
wl,fddl,fddl_gpu,wl_fddl_gpu,nci_full,1024,LogisticRegression,mccv,5,0.682502,0.714035,0.69508,0.673233,0.391618,0.464615,0.421793,0.358384,0.940047,0.847727,0.39395,0.011061,0.019212,0.026338,0.019136,0.015521,,,20260728_230212,mc_cv_wl_fddl_gpu_nci_full_atoms1024_20260728_230212_20260729_000649
wl,fddl,fddl_gpu,wl_fddl_gpu,nci_full,1024,GradientBoosting,mccv,5,0.665614,0.696032,0.677434,0.660638,0.359533,0.430769,0.388433,0.333595,0.936401,0.839188,0.358931,0.011109,0.02101,0.010139,0.020606,0.011076,,,20260728_230212,mc_cv_wl_fddl_gpu_nci_full_atoms1024_20260728_230212_20260729_000649
wl,fddl,fddl_gpu,wl_fddl_gpu,nci_full,1024,LinearSVM,mccv,5,0.684698,0.703084,0.692788,0.668776,0.397148,0.439231,0.415999,0.350354,0.942177,0.841253,0.386876,0.006072,0.01198,0.0224,0.012459,0.019292,,,20260728_230212,mc_cv_wl_fddl_gpu_nci_full_atoms1024_20260728_230212_20260729_000649
wl,fddl,fddl_gpu,wl_fddl_gpu,nci_full,1024,RandomForest,mccv,5,0.722654,0.719683,0.719853,0.704574,0.471602,0.465385,0.465877,0.421171,0.950117,0.858076,0.441223,0.01338,0.026571,0.030069,0.028209,0.013854,,,20260728_230212,mc_cv_wl_fddl_gpu_nci_full_atoms1024_20260728_230212_20260729_000649
wl,fddl,fddl_gpu,wl_fddl_gpu,nci_full,2048,LogisticRegression,mccv,5,0.690977,0.733802,0.708636,0.690494,0.406646,0.503846,0.447792,0.394078,0.942177,0.84086,0.421665,0.017682,0.035637,0.040707,0.039384,0.017508,,,20260729_001755,mc_cv_wl_fddl_gpu_nci_full_atoms2048_20260729_001755_20260729_031023
wl,fddl,fddl_gpu,wl_fddl_gpu,nci_full,2048,GradientBoosting,mccv,5,0.675339,0.693323,0.683455,0.670027,0.379353,0.420769,0.398322,0.353878,0.9403,0.829536,0.367947,0.015233,0.028663,0.041724,0.030329,0.022894,,,20260729_001755,mc_cv_wl_fddl_gpu_nci_full_atoms2048_20260729_001755_20260729_031023
wl,fddl,fddl_gpu,wl_fddl_gpu,nci_full,2048,LinearSVM,mccv,5,0.697599,0.724642,0.709451,0.688557,0.420874,0.482308,0.448274,0.390954,0.944234,0.833523,0.42086,0.015479,0.028981,0.035284,0.030659,0.014622,,,20260729_001755,mc_cv_wl_fddl_gpu_nci_full_atoms2048_20260729_001755_20260729_031023
wl,fddl,fddl_gpu,wl_fddl_gpu,nci_full,2048,RandomForest,mccv,5,0.722223,0.716335,0.71707,0.703332,0.471057,0.458462,0.460361,0.418571,0.950009,0.85611,0.436669,0.020476,0.040877,0.060055,0.040341,0.014287,,,20260729_001755,mc_cv_wl_fddl_gpu_nci_full_atoms2048_20260729_001755_20260729_031023
wl,fddl,fddl_gpu,wl_fddl_gpu,nci_full,4096,LogisticRegression,mccv,5,0.711549,0.712702,0.708274,0.684021,0.449991,0.453846,0.44425,0.379811,0.947266,0.852014,0.420894,0.011857,0.026047,0.024567,0.019978,0.013583,,,20260729_074320,mc_cv_wl_fddl_gpu_nci_full_atoms4096_20260729_074320_20260729_162749
wl,fddl,fddl_gpu,wl_fddl_gpu,nci_full,4096,GradientBoosting,mccv,5,0.680989,0.700745,0.689701,0.679257,0.389944,0.435385,0.410348,0.370347,0.941202,0.847237,0.38078,0.010773,0.01969,0.032709,0.020684,0.01124,,,20260729_074320,mc_cv_wl_fddl_gpu_nci_full_atoms4096_20260729_074320_20260729_162749
wl,fddl,fddl_gpu,wl_fddl_gpu,nci_full,4096,LinearSVM,mccv,5,0.720261,0.708662,0.712067,0.684653,0.467878,0.443077,0.45071,0.381792,0.949323,0.845595,0.426859,0.01066,0.020076,0.027692,0.022719,0.014466,,,20260729_074320,mc_cv_wl_fddl_gpu_nci_full_atoms4096_20260729_074320_20260729_162749
wl,fddl,fddl_gpu,wl_fddl_gpu,nci_full,4096,RandomForest,mccv,5,0.742776,0.719169,0.729923,0.708766,0.512004,0.46,0.483912,0.429034,0.954016,0.861573,0.461035,0.012011,0.023308,0.02784,0.023897,0.007221,,,20260729_074320,mc_cv_wl_fddl_gpu_nci_full_atoms4096_20260729_074320_20260729_162749
wl,aksvd,aksvd,wl_aksvd,nci_full,128,LogisticRegression,mccv,5,0.603858,0.662281,0.623763,0.599387,0.238912,0.385385,0.293795,0.213928,0.913193,0.800771,0.259188,0.011309,0.021617,0.030683,0.024376,0.015138,,79.84,20260731_183729,mc_cv_wl_aksvd_nci_full_atoms128_20260731_183729_20260731_184756
wl,aksvd,aksvd,wl_aksvd,nci_full,128,GradientBoosting,mccv,5,0.628712,0.666942,0.642996,0.625188,0.288386,0.380769,0.325024,0.266754,0.926259,0.796668,0.291911,0.011752,0.024567,0.024184,0.026879,0.009666,,79.84,20260731_183729,mc_cv_wl_aksvd_nci_full_atoms128_20260731_183729_20260731_184756
wl,aksvd,aksvd,wl_aksvd,nci_full,128,LinearSVM,mccv,5,0.61202,0.662755,0.62425,0.598281,0.255093,0.385385,0.294404,0.211675,0.914095,0.801413,0.264997,0.010452,0.021546,0.025465,0.02979,0.014719,,79.84,20260731_183729,mc_cv_wl_aksvd_nci_full_atoms128_20260731_183729_20260731_184756
wl,aksvd,aksvd,wl_aksvd,nci_full,128,RandomForest,mccv,5,0.707577,0.690661,0.69725,0.67652,0.444237,0.406923,0.421858,0.366797,0.947771,0.83501,0.396618,0.006716,0.013912,0.026402,0.013603,0.010985,,79.84,20260731_183729,mc_cv_wl_aksvd_nci_full_atoms128_20260731_183729_20260731_184756
wl,aksvd,aksvd,wl_aksvd,nci_full,256,LogisticRegression,mccv,5,0.62221,0.672866,0.640679,0.604424,0.27472,0.397692,0.322649,0.223062,0.922216,0.812042,0.289791,0.018619,0.037254,0.02207,0.039077,0.013762,,92.99,20260731_182338,mc_cv_wl_aksvd_nci_full_atoms256_20260731_182338_20260731_183525
wl,aksvd,aksvd,wl_aksvd,nci_full,256,GradientBoosting,mccv,5,0.638348,0.652936,0.642871,0.617779,0.309148,0.344615,0.321382,0.252406,0.932323,0.790658,0.289057,0.019509,0.039158,0.024921,0.037539,0.014383,,92.99,20260731_182338,mc_cv_wl_aksvd_nci_full_atoms256_20260731_182338_20260731_183525
wl,aksvd,aksvd,wl_aksvd,nci_full,256,LinearSVM,mccv,5,0.618149,0.667702,0.635847,0.599353,0.267078,0.388462,0.31379,0.213677,0.920736,0.804573,0.280432,0.015921,0.031742,0.018631,0.035554,0.01614,,92.99,20260731_182338,mc_cv_wl_aksvd_nci_full_atoms256_20260731_182338_20260731_183525
wl,aksvd,aksvd,wl_aksvd,nci_full,256,RandomForest,mccv,5,0.719637,0.686905,0.701381,0.683214,0.468786,0.396154,0.428706,0.380963,0.95037,0.828139,0.40491,0.012393,0.023049,0.030262,0.025897,0.019772,,92.99,20260731_182338,mc_cv_wl_aksvd_nci_full_atoms256_20260731_182338_20260731_183525
wl,aksvd,aksvd,wl_aksvd,nci_full,512,LogisticRegression,mccv,5,0.630139,0.676789,0.646548,0.61321,0.29022,0.403077,0.332984,0.240596,0.924815,0.815691,0.301575,0.012977,0.027154,0.026489,0.029826,0.01485,,242.07,20260731_190020,mc_cv_wl_aksvd_nci_full_atoms512_20260731_190020_20260731_192544
wl,aksvd,aksvd,wl_aksvd,nci_full,512,GradientBoosting,mccv,5,0.627537,0.659678,0.636217,0.613963,0.286699,0.366923,0.312195,0.244921,0.924959,0.785695,0.28147,0.008946,0.02156,0.019881,0.016641,0.010161,,242.07,20260731_190020,mc_cv_wl_aksvd_nci_full_atoms512_20260731_190020_20260731_192544
wl,aksvd,aksvd,wl_aksvd,nci_full,512,LinearSVM,mccv,5,0.624382,0.680425,0.644293,0.610311,0.2783,0.415385,0.330821,0.235608,0.920592,0.809301,0.298612,0.018121,0.031161,0.025328,0.032789,0.018851,,242.07,20260731_190020,mc_cv_wl_aksvd_nci_full_atoms512_20260731_190020_20260731_192544
wl,aksvd,aksvd,wl_aksvd,nci_full,512,RandomForest,mccv,5,0.71558,0.689105,0.700704,0.680974,0.460438,0.401538,0.427725,0.375297,0.949684,0.836541,0.403279,0.013136,0.025728,0.024478,0.026108,0.009276,,242.07,20260731_190020,mc_cv_wl_aksvd_nci_full_atoms512_20260731_190020_20260731_192544
wl,aksvd,aksvd,wl_aksvd,nci_full,1024,LogisticRegression,mccv,5,0.643831,0.669051,0.652586,0.624698,0.318512,0.379231,0.341242,0.262956,0.931673,0.825406,0.309854,0.008206,0.018081,0.023167,0.019636,0.018735,,606.22,20260731_193142,mc_cv_wl_aksvd_nci_full_atoms1024_20260731_193142_20260731_203013
wl,aksvd,aksvd,wl_aksvd,nci_full,1024,GradientBoosting,mccv,5,0.615325,0.671394,0.634502,0.613631,0.261011,0.400769,0.313427,0.243425,0.916622,0.795249,0.280106,0.017022,0.0267,0.021919,0.026136,0.011922,,606.22,20260731_193142,mc_cv_wl_aksvd_nci_full_atoms1024_20260731_193142_20260731_203013
wl,aksvd,aksvd,wl_aksvd,nci_full,1024,LinearSVM,mccv,5,0.622438,0.681037,0.643396,0.612946,0.274329,0.416154,0.328752,0.240209,0.921061,0.814929,0.296993,0.014329,0.030705,0.024265,0.036001,0.020491,,606.22,20260731_193142,mc_cv_wl_aksvd_nci_full_atoms1024_20260731_193142_20260731_203013
wl,aksvd,aksvd,wl_aksvd,nci_full,1024,RandomForest,mccv,5,0.700052,0.707771,0.702437,0.687808,0.427461,0.445385,0.433495,0.388997,0.945533,0.839674,0.406604,0.007743,0.01612,0.040724,0.016495,0.021569,,606.22,20260731_193142,mc_cv_wl_aksvd_nci_full_atoms1024_20260731_193142_20260731_203013
wl,aksvd,aksvd,wl_aksvd,nci_full,2048,LogisticRegression,mccv,5,0.666032,0.68829,0.67362,0.653809,0.361138,0.413846,0.380465,0.321944,0.936979,0.819072,0.351444,0.00404,0.010434,0.028493,0.009004,0.010645,,2208.09,20260731_203758,mc_cv_wl_aksvd_nci_full_atoms2048_20260731_203758_20260801_000646
wl,aksvd,aksvd,wl_aksvd,nci_full,2048,GradientBoosting,mccv,5,0.669394,0.646347,0.653902,0.627932,0.372034,0.32,0.338116,0.276903,0.942068,0.76194,0.312299,0.016347,0.034856,0.02254,0.026854,0.010263,,2208.09,20260731_203758,mc_cv_wl_aksvd_nci_full_atoms2048_20260731_203758_20260801_000646
wl,aksvd,aksvd,wl_aksvd,nci_full,2048,LinearSVM,mccv,5,0.64949,0.691149,0.665296,0.638094,0.327653,0.426154,0.366949,0.291591,0.931276,0.804804,0.336639,0.004943,0.012357,0.022789,0.013422,0.007658,,2208.09,20260731_203758,mc_cv_wl_aksvd_nci_full_atoms2048_20260731_203758_20260801_000646
wl,aksvd,aksvd,wl_aksvd,nci_full,2048,RandomForest,mccv,5,0.727656,0.682744,0.698296,0.686024,0.485201,0.386923,0.422304,0.386072,0.950803,0.832055,0.404312,0.012678,0.026949,0.011008,0.021541,0.008514,,2208.09,20260731_203758,mc_cv_wl_aksvd_nci_full_atoms2048_20260731_203758_20260801_000646
wl,aksvd,aksvd,wl_aksvd,nci_full,4096,LogisticRegression,mccv,5,0.666426,0.672958,0.666841,0.636691,0.363464,0.38,0.366063,0.28981,0.938423,0.802612,0.336987,0.005258,0.011799,0.025269,0.011605,0.017195,,9048.14,20260801_001959,mc_cv_wl_aksvd_nci_full_atoms4096_20260801_001959_20260801_141219
wl,aksvd,aksvd,wl_aksvd,nci_full,4096,GradientBoosting,mccv,5,0.633146,0.643895,0.635917,0.602831,0.299608,0.326154,0.307724,0.229154,0.931817,0.738711,0.275002,0.01818,0.036941,0.021748,0.035159,0.022554,,9048.14,20260801_001959,mc_cv_wl_aksvd_nci_full_atoms4096_20260801_001959_20260801_141219
wl,aksvd,aksvd,wl_aksvd,nci_full,4096,LinearSVM,mccv,5,0.633918,0.683208,0.6525,0.624132,0.297189,0.415385,0.344293,0.265689,0.925898,0.788697,0.312393,0.008901,0.017518,0.023467,0.019554,0.016665,,9048.14,20260801_001959,mc_cv_wl_aksvd_nci_full_atoms4096_20260801_001959_20260801_141219
wl,aksvd,aksvd,wl_aksvd,nci_full,4096,RandomForest,mccv,5,0.711045,0.675221,0.689398,0.676234,0.452686,0.373846,0.405825,0.367969,0.948313,0.820482,0.38301,0.012394,0.021299,0.029069,0.028642,0.014113,,9048.14,20260801_001959,mc_cv_wl_aksvd_nci_full_atoms4096_20260801_001959_20260801_141219
wl,lcksvd,lcksvd,wl_lcksvd,nci_full,32,LogisticRegression,mccv,5,0.552576,0.609864,0.557903,0.549849,0.140756,0.320769,0.186133,0.120701,0.871828,0.724036,0.148709,0.015058,0.026995,0.009829,0.034766,0.027753,,113.89,20260801_220527,mc_cv_wl_lcksvd_nci_full_atoms32_20260801_220527_20260801_221843
wl,lcksvd,lcksvd,wl_lcksvd,nci_full,32,GradientBoosting,mccv,5,0.571254,0.618859,0.585857,0.565122,0.177849,0.308462,0.225106,0.151635,0.900126,0.73004,0.183872,0.011874,0.020556,0.013734,0.022855,0.017944,,113.89,20260801_220527,mc_cv_wl_lcksvd_nci_full_atoms32_20260801_220527_20260801_221843
wl,lcksvd,lcksvd,wl_lcksvd,nci_full,32,LinearSVM,mccv,5,0.555952,0.607465,0.561746,0.551328,0.147872,0.309231,0.19038,0.123848,0.877712,0.725153,0.151773,0.018383,0.025407,0.01059,0.031347,0.027458,,113.89,20260801_220527,mc_cv_wl_lcksvd_nci_full_atoms32_20260801_220527_20260801_221843
wl,lcksvd,lcksvd,wl_lcksvd,nci_full,32,RandomForest,mccv,5,0.61211,0.625739,0.614173,0.601408,0.259166,0.296923,0.268709,0.222849,0.923696,0.757529,0.234451,0.013248,0.020314,0.030508,0.021142,0.015878,,113.89,20260801_220527,mc_cv_wl_lcksvd_nci_full_atoms32_20260801_220527_20260801_221843
wl,lcksvd,lcksvd,wl_lcksvd,nci_full,64,LogisticRegression,mccv,3,0.568777,0.612363,0.581638,0.559337,0.173517,0.29359,0.216052,0.137155,0.901221,0.75574,0.175081,0.011279,0.02653,0.008717,0.029574,0.012731,,131.4,20260802_184549,mc_cv_wl_lcksvd_nci_full_atoms64_20260802_184549_20260802_185442
wl,lcksvd,lcksvd,wl_lcksvd,nci_full,64,GradientBoosting,mccv,3,0.593079,0.617364,0.596933,0.584526,0.221779,0.287179,0.238151,0.187892,0.916561,0.758751,0.204429,0.017409,0.041703,0.013483,0.03534,0.010839,,131.4,20260802_184549,mc_cv_wl_lcksvd_nci_full_atoms64_20260802_184549_20260802_185442
wl,lcksvd,lcksvd,wl_lcksvd,nci_full,64,LinearSVM,mccv,3,0.566874,0.616113,0.580518,0.559237,0.169282,0.305128,0.215698,0.137242,0.897913,0.75652,0.175516,0.01296,0.032776,0.011045,0.036705,0.01103,,131.4,20260802_184549,mc_cv_wl_lcksvd_nci_full_atoms64_20260802_184549_20260802_185442
wl,lcksvd,lcksvd,wl_lcksvd,nci_full,64,RandomForest,mccv,3,0.64683,0.656506,0.648416,0.625515,0.325786,0.35,0.331444,0.269589,0.934248,0.777299,0.300737,0.012069,0.025916,0.010009,0.022206,0.007531,,131.4,20260802_184549,mc_cv_wl_lcksvd_nci_full_atoms64_20260802_184549_20260802_185442
wl,lcksvd,lcksvd,wl_lcksvd,nci_full,128,LogisticRegression,mccv,3,0.56812,0.62874,0.582156,0.565164,0.170361,0.338462,0.222642,0.148646,0.891776,0.757236,0.185859,0.01741,0.040391,0.011708,0.046365,0.014256,,267.59,20260802_185508,mc_cv_wl_lcksvd_nci_full_atoms128_20260802_185508_20260802_191058
wl,lcksvd,lcksvd,wl_lcksvd,nci_full,128,GradientBoosting,mccv,3,0.583486,0.620795,0.595124,0.573085,0.202218,0.302564,0.238626,0.167029,0.909162,0.736187,0.199434,0.011257,0.017354,0.022848,0.019721,0.031618,,267.59,20260802_185508,mc_cv_wl_lcksvd_nci_full_atoms128_20260802_185508_20260802_191058
wl,lcksvd,lcksvd,wl_lcksvd,nci_full,128,LinearSVM,mccv,3,0.572462,0.631201,0.589087,0.5641,0.178957,0.338462,0.233706,0.146906,0.896469,0.756737,0.194855,0.009967,0.022561,0.013778,0.026736,0.015018,,267.59,20260802_185508,mc_cv_wl_lcksvd_nci_full_atoms128_20260802_185508_20260802_191058
wl,lcksvd,lcksvd,wl_lcksvd,nci_full,128,RandomForest,mccv,3,0.650608,0.629818,0.636418,0.607851,0.335998,0.289744,0.305328,0.234519,0.937978,0.7709,0.277294,0.018413,0.034025,0.035846,0.035526,0.014914,,267.59,20260802_185508,mc_cv_wl_lcksvd_nci_full_atoms128_20260802_185508_20260802_191058
wl,lcksvd,lcksvd,wl_lcksvd,nci_full,256,LogisticRegression,mccv,3,0.583894,0.640111,0.59457,0.578274,0.200826,0.360256,0.246569,0.175377,0.893701,0.764363,0.212446,0.023501,0.028044,0.028956,0.027145,0.011052,,653.46,20260802_192852,mc_cv_wl_lcksvd_nci_full_atoms256_20260802_192852_20260802_200353
wl,lcksvd,lcksvd,wl_lcksvd,nci_full,256,GradientBoosting,mccv,3,0.607616,0.648711,0.623487,0.598721,0.247904,0.35,0.289711,0.214514,0.919389,0.777478,0.252808,0.004122,0.005185,0.005099,0.005024,0.010577,,653.46,20260802_192852,mc_cv_wl_lcksvd_nci_full_atoms256_20260802_192852_20260802_200353
wl,lcksvd,lcksvd,wl_lcksvd,nci_full,256,LinearSVM,mccv,3,0.587481,0.627245,0.596189,0.577926,0.209466,0.320513,0.243145,0.175282,0.905192,0.765333,0.207126,0.018499,0.025875,0.030186,0.0304,0.012509,,653.46,20260802_192852,mc_cv_wl_lcksvd_nci_full_atoms256_20260802_192852_20260802_200353
wl,lcksvd,lcksvd,wl_lcksvd,nci_full,256,RandomForest,mccv,3,0.657236,0.673372,0.662324,0.637986,0.344984,0.384615,0.358899,0.29265,0.93503,0.799825,0.328265,0.011731,0.016896,0.018826,0.018962,0.006532,,653.46,20260802_192852,mc_cv_wl_lcksvd_nci_full_atoms256_20260802_192852_20260802_200353
wl,lcksvd,lcksvd,wl_lcksvd,nci_full,512,LogisticRegression,mccv,3,0.564355,0.647213,0.578425,0.567315,0.160622,0.397436,0.225876,0.151995,0.873549,0.767723,0.193541,0.01021,0.023438,0.013127,0.033882,0.027551,,1683.2,20260802_200726,mc_cv_wl_lcksvd_nci_full_atoms512_20260802_200726_20260802_213507
wl,lcksvd,lcksvd,wl_lcksvd,nci_full,512,GradientBoosting,mccv,3,0.604684,0.624492,0.611652,0.587317,0.244454,0.294872,0.263863,0.194119,0.923179,0.750668,0.226997,0.004531,0.012456,0.015012,0.009987,0.023571,,1683.2,20260802_200726,mc_cv_wl_lcksvd_nci_full_atoms512_20260802_200726_20260802_213507
wl,lcksvd,lcksvd,wl_lcksvd,nci_full,512,LinearSVM,mccv,3,0.56723,0.656226,0.579118,0.570458,0.165204,0.420513,0.229783,0.158446,0.869819,0.769391,0.202012,0.007448,0.01787,0.012768,0.034378,0.024653,,1683.2,20260802_200726,mc_cv_wl_lcksvd_nci_full_atoms512_20260802_200726_20260802_213507
wl,lcksvd,lcksvd,wl_lcksvd,nci_full,512,RandomForest,mccv,3,0.624263,0.684596,0.645077,0.636204,0.277602,0.424359,0.332517,0.290204,0.920411,0.789491,0.301655,0.008764,0.018895,0.015309,0.023471,0.02487,,1683.2,20260802_200726,mc_cv_wl_lcksvd_nci_full_atoms512_20260802_200726_20260802_213507
wl,lcksvd,lcksvd,wl_lcksvd,nci_full,1024,LogisticRegression,mccv,3,0.643377,0.637624,0.63916,0.610836,0.320767,0.307692,0.311569,0.236757,0.936594,0.802948,0.279927,0.016444,0.033309,0.025613,0.032374,0.015132,,3433.71,20260802_220931,mc_cv_wl_lcksvd_nci_full_atoms1024_20260802_220931_20260803_010726
wl,lcksvd,lcksvd,wl_lcksvd,nci_full,1024,GradientBoosting,mccv,3,0.62534,0.637999,0.63051,0.620189,0.284569,0.315385,0.297679,0.258659,0.930337,0.773062,0.262437,0.003838,0.009911,0.005153,0.008146,0.016154,,3433.71,20260802_220931,mc_cv_wl_lcksvd_nci_full_atoms1024_20260802_220931_20260803_010726
wl,lcksvd,lcksvd,wl_lcksvd,nci_full,1024,LinearSVM,mccv,3,0.61232,0.666803,0.629792,0.601517,0.25541,0.392308,0.304608,0.21926,0.915539,0.79083,0.271847,0.009524,0.01106,0.022824,0.010598,0.018448,,3433.71,20260802_220931,mc_cv_wl_lcksvd_nci_full_atoms1024_20260802_220931_20260803_010726
wl,lcksvd,lcksvd,wl_lcksvd,nci_full,1024,RandomForest,mccv,3,0.71876,0.657808,0.68194,0.660471,0.469834,0.334615,0.389585,0.335422,0.950671,0.819178,0.371018,0.009105,0.015995,0.019414,0.023837,0.010854,,3433.71,20260802_220931,mc_cv_wl_lcksvd_nci_full_atoms1024_20260802_220931_20260803_010726
wl,lcksvd,lcksvd,wl_lcksvd,nci_full,2048,LogisticRegression,mccv,5,0.622837,0.670824,0.640788,0.621523,0.276198,0.393077,0.322701,0.258833,0.922505,0.801328,0.289039,0.017247,0.031961,0.02149,0.033429,0.016941,,10505.8,20260802_031524,mc_cv_wl_lcksvd_nci_full_atoms2048_20260802_031524_20260802_181505
wl,lcksvd,lcksvd,wl_lcksvd,nci_full,2048,GradientBoosting,mccv,5,0.631668,0.635712,0.629891,0.597226,0.297445,0.308462,0.29541,0.214619,0.93225,0.755493,0.264286,0.020047,0.042387,0.021479,0.034782,0.009976,,10505.8,20260802_031524,mc_cv_wl_lcksvd_nci_full_atoms2048_20260802_031524_20260802_181505
wl,lcksvd,lcksvd,wl_lcksvd,nci_full,2048,LinearSVM,mccv,5,0.624037,0.649875,0.63236,0.606802,0.280706,0.345385,0.303968,0.230862,0.92579,0.783768,0.270432,0.012443,0.022837,0.021066,0.023624,0.018436,,10505.8,20260802_031524,mc_cv_wl_lcksvd_nci_full_atoms2048_20260802_031524_20260802_181505
wl,lcksvd,lcksvd,wl_lcksvd,nci_full,2048,RandomForest,mccv,5,0.675897,0.667822,0.671139,0.653121,0.382996,0.364615,0.372373,0.321814,0.942574,0.812056,0.34312,0.021144,0.041341,0.020995,0.041848,0.019264,,10505.8,20260802_031524,mc_cv_wl_lcksvd_nci_full_atoms2048_20260802_031524_20260802_181505
wl,online_dl,online_dl,wl_online_dl,nci_full,32,LogisticRegression,mccv,5,0.559725,0.640068,0.572905,0.559887,0.152105,0.387692,0.217507,0.138412,0.86876,0.754059,0.182542,0.009754,0.013417,0.006598,0.015025,0.01658,,21.52,20260803_110431,mc_cv_wl_online_dl_nci_full_atoms32_20260803_110431_20260803_111003
wl,online_dl,online_dl,wl_online_dl,nci_full,32,GradientBoosting,mccv,5,0.633529,0.655413,0.641733,0.61392,0.299231,0.351538,0.319961,0.242525,0.930771,0.80598,0.28678,0.016905,0.035525,0.033027,0.037417,0.019793,,21.52,20260803_110431,mc_cv_wl_online_dl_nci_full_atoms32_20260803_110431_20260803_111003
wl,online_dl,online_dl,wl_online_dl,nci_full,32,LinearSVM,mccv,5,0.564167,0.635107,0.57866,0.560414,0.161689,0.365385,0.222737,0.139658,0.879516,0.75521,0.185691,0.014595,0.020586,0.006866,0.021676,0.016041,,21.52,20260803_110431,mc_cv_wl_online_dl_nci_full_atoms32_20260803_110431_20260803_111003
wl,online_dl,online_dl,wl_online_dl,nci_full,32,RandomForest,mccv,5,0.702731,0.69583,0.696908,0.675402,0.434004,0.419231,0.421892,0.363919,0.946472,0.83976,0.396504,0.014982,0.030514,0.044635,0.0281,0.01541,,21.52,20260803_110431,mc_cv_wl_online_dl_nci_full_atoms32_20260803_110431_20260803_111003
wl,online_dl,online_dl,wl_online_dl,nci_full,64,LogisticRegression,mccv,5,0.577364,0.645203,0.595226,0.569241,0.187302,0.370769,0.247586,0.156309,0.893882,0.766801,0.211483,0.009265,0.012578,0.007391,0.012248,0.019106,,34.21,20260803_114204,mc_cv_wl_online_dl_nci_full_atoms64_20260803_114204_20260803_115224
wl,online_dl,online_dl,wl_online_dl,nci_full,64,GradientBoosting,mccv,5,0.647806,0.6731,0.657444,0.634734,0.326108,0.386154,0.350163,0.285229,0.933117,0.800485,0.318497,0.010551,0.022307,0.025362,0.021309,0.020936,,34.21,20260803_114204,mc_cv_wl_online_dl_nci_full_atoms64_20260803_114204_20260803_115224
wl,online_dl,online_dl,wl_online_dl,nci_full,64,LinearSVM,mccv,5,0.578406,0.648456,0.596793,0.570198,0.18905,0.377692,0.250779,0.158203,0.89381,0.768305,0.215315,0.007911,0.009917,0.008235,0.009344,0.019437,,34.21,20260803_114204,mc_cv_wl_online_dl_nci_full_atoms64_20260803_114204_20260803_115224
wl,online_dl,online_dl,wl_online_dl,nci_full,64,RandomForest,mccv,5,0.713888,0.707186,0.70892,0.686222,0.455261,0.440769,0.444796,0.386547,0.948601,0.831846,0.419689,0.010192,0.021174,0.038685,0.019139,0.026399,,34.21,20260803_114204,mc_cv_wl_online_dl_nci_full_atoms64_20260803_114204_20260803_115224
wl,online_dl,online_dl,wl_online_dl,nci_full,128,LogisticRegression,mccv,5,0.596142,0.679221,0.618188,0.592708,0.221457,0.436154,0.290568,0.199581,0.899477,0.805229,0.261247,0.016066,0.025529,0.032191,0.026538,0.011418,,35.27,20260803_124357,mc_cv_wl_online_dl_nci_full_atoms128_20260803_124357_20260803_130015
wl,online_dl,online_dl,wl_online_dl,nci_full,128,GradientBoosting,mccv,5,0.666422,0.675347,0.669036,0.647787,0.363232,0.385385,0.37064,0.310606,0.938098,0.808024,0.340279,0.020104,0.03609,0.039441,0.039411,0.009887,,35.27,20260803_124357,mc_cv_wl_online_dl_nci_full_atoms128_20260803_124357_20260803_130015
wl,online_dl,online_dl,wl_online_dl,nci_full,128,LinearSVM,mccv,5,0.593065,0.683676,0.616782,0.592453,0.214809,0.449231,0.289633,0.199134,0.89612,0.805703,0.261071,0.012594,0.019836,0.033852,0.019612,0.011519,,35.27,20260803_124357,mc_cv_wl_online_dl_nci_full_atoms128_20260803_124357_20260803_130015
wl,online_dl,online_dl,wl_online_dl,nci_full,128,RandomForest,mccv,5,0.70463,0.706227,0.703408,0.68266,0.43678,0.441538,0.435148,0.378861,0.946075,0.837267,0.409192,0.006595,0.010012,0.020301,0.010418,0.00455,,35.27,20260803_124357,mc_cv_wl_online_dl_nci_full_atoms128_20260803_124357_20260803_130015
wl,online_dl,online_dl,wl_online_dl,nci_full,256,LogisticRegression,mccv,5,0.616302,0.687842,0.640275,0.60648,0.261269,0.436923,0.325808,0.227077,0.915214,0.8173,0.295128,0.011525,0.021684,0.035821,0.024529,0.012185,,38.17,20260803_132326,mc_cv_wl_online_dl_nci_full_atoms256_20260803_132326_20260803_134612
wl,online_dl,online_dl,wl_online_dl,nci_full,256,GradientBoosting,mccv,5,0.665269,0.659403,0.659444,0.644607,0.362481,0.350769,0.350881,0.305159,0.939072,0.802262,0.322292,0.013203,0.024524,0.021955,0.022911,0.012477,,38.17,20260803_132326,mc_cv_wl_online_dl_nci_full_atoms256_20260803_132326_20260803_134612
wl,online_dl,online_dl,wl_online_dl,nci_full,256,LinearSVM,mccv,5,0.618458,0.676742,0.638567,0.601347,0.266752,0.409231,0.320159,0.217283,0.919148,0.815583,0.288273,0.017769,0.035991,0.028453,0.040074,0.012828,,38.17,20260803_132326,mc_cv_wl_online_dl_nci_full_atoms256_20260803_132326_20260803_134612
wl,online_dl,online_dl,wl_online_dl,nci_full,256,RandomForest,mccv,5,0.700148,0.697916,0.697577,0.679794,0.428629,0.424615,0.42373,0.373799,0.945569,0.827384,0.39685,0.024569,0.04599,0.043682,0.048991,0.019407,,38.17,20260803_132326,mc_cv_wl_online_dl_nci_full_atoms256_20260803_132326_20260803_134612
wl,online_dl,online_dl,wl_online_dl,nci_full,512,LogisticRegression,mccv,5,0.634983,0.682092,0.652496,0.620454,0.299435,0.413077,0.344313,0.255224,0.925862,0.815353,0.312402,0.014343,0.024798,0.025998,0.025142,0.012411,,100.46,20260803_135356,mc_cv_wl_online_dl_nci_full_atoms512_20260803_135356_20260803_142556
wl,online_dl,online_dl,wl_online_dl,nci_full,512,GradientBoosting,mccv,5,0.647545,0.647844,0.645716,0.625788,0.3281,0.33,0.325124,0.270867,0.93586,0.76011,0.293797,0.011461,0.022294,0.027746,0.024895,0.021633,,100.46,20260803_135356,mc_cv_wl_online_dl_nci_full_atoms512_20260803_135356_20260803_142556
wl,online_dl,online_dl,wl_online_dl,nci_full,512,LinearSVM,mccv,5,0.628211,0.687801,0.647971,0.612327,0.285187,0.431538,0.338567,0.239201,0.920014,0.811457,0.308381,0.018572,0.030297,0.028921,0.029714,0.013339,,100.46,20260803_135356,mc_cv_wl_online_dl_nci_full_atoms512_20260803_135356_20260803_142556
wl,online_dl,online_dl,wl_online_dl,nci_full,512,RandomForest,mccv,5,0.688615,0.661682,0.672493,0.658951,0.40907,0.349231,0.373861,0.333596,0.944811,0.804963,0.348007,0.01251,0.021808,0.016728,0.028585,0.007307,,100.46,20260803_135356,mc_cv_wl_online_dl_nci_full_atoms512_20260803_135356_20260803_142556
wl,online_dl,online_dl,wl_online_dl,nci_full,1024,LogisticRegression,mccv,5,0.626808,0.668795,0.642817,0.605802,0.28438,0.385385,0.325025,0.228083,0.925609,0.796061,0.291715,0.01277,0.027758,0.022021,0.031486,0.01594,,257.47,20260803_144647,mc_cv_wl_online_dl_nci_full_atoms1024_20260803_144647_20260803_154435
wl,online_dl,online_dl,wl_online_dl,nci_full,1024,GradientBoosting,mccv,5,0.603496,0.589745,0.589723,0.574872,0.245466,0.220769,0.219433,0.173087,0.924093,0.709382,0.187486,0.024333,0.039172,0.046533,0.052224,0.012343,,257.47,20260803_144647,mc_cv_wl_online_dl_nci_full_atoms1024_20260803_144647_20260803_154435
wl,online_dl,online_dl,wl_online_dl,nci_full,1024,LinearSVM,mccv,5,0.617682,0.662406,0.632803,0.595653,0.266656,0.376923,0.307498,0.208808,0.921097,0.786341,0.274563,0.011052,0.024513,0.02076,0.028902,0.016371,,257.47,20260803_144647,mc_cv_wl_online_dl_nci_full_atoms1024_20260803_144647_20260803_154435
wl,online_dl,online_dl,wl_online_dl,nci_full,1024,RandomForest,mccv,5,0.622871,0.6352,0.62121,0.595039,0.279759,0.320769,0.284839,0.209475,0.920123,0.758555,0.252326,0.037212,0.06108,0.064003,0.070142,0.018748,,257.47,20260803_144647,mc_cv_wl_online_dl_nci_full_atoms1024_20260803_144647_20260803_154435
wl,online_dl,online_dl,wl_online_dl,nci_full,2048,LogisticRegression,mccv,5,0.651595,0.662452,0.654525,0.61231,0.334769,0.360769,0.342809,0.242554,0.935824,0.787899,0.31201,0.015445,0.032588,0.017821,0.031216,0.005936,,1096.24,20260803_165920,mc_cv_wl_online_dl_nci_full_atoms2048_20260803_165920_20260803_195738
wl,online_dl,online_dl,wl_online_dl,nci_full,2048,GradientBoosting,mccv,5,0.573746,0.576075,0.571351,0.556194,0.187195,0.193846,0.183516,0.141225,0.922433,0.66214,0.147333,0.01536,0.037574,0.018233,0.035517,0.022627,,1096.24,20260803_165920,mc_cv_wl_online_dl_nci_full_atoms2048_20260803_165920_20260803_195738
wl,online_dl,online_dl,wl_online_dl,nci_full,2048,LinearSVM,mccv,5,0.63137,0.658023,0.642807,0.599889,0.294666,0.358462,0.322821,0.218796,0.929471,0.776869,0.287913,0.01141,0.021776,0.016671,0.023168,0.009597,,1096.24,20260803_165920,mc_cv_wl_online_dl_nci_full_atoms2048_20260803_165920_20260803_195738
wl,online_dl,online_dl,wl_online_dl,nci_full,2048,RandomForest,mccv,5,0.59118,0.611892,0.593411,0.570573,0.21851,0.281538,0.234099,0.164217,0.911243,0.724966,0.197577,0.023744,0.036003,0.030947,0.041827,0.023843,,1096.24,20260803_165920,mc_cv_wl_online_dl_nci_full_atoms2048_20260803_165920_20260803_195738
wl,online_dl,online_dl,wl_online_dl,nci_full,4096,LogisticRegression,mccv,5,0.645759,0.66237,0.65259,0.604948,0.323093,0.362308,0.339778,0.233341,0.934272,0.755388,0.306956,0.015457,0.030943,0.02116,0.031655,0.012016,,4069.7,20260803_201616,mc_cv_wl_online_dl_nci_full_atoms4096_20260803_201616_20260804_080708
wl,online_dl,online_dl,wl_online_dl,nci_full,4096,GradientBoosting,mccv,5,0.546783,0.548035,0.543533,0.539482,0.135914,0.15,0.135445,0.111046,0.908717,0.631343,0.092725,0.017476,0.026151,0.022699,0.033131,0.025191,,4069.7,20260803_201616,mc_cv_wl_online_dl_nci_full_atoms4096_20260803_201616_20260804_080708
wl,online_dl,online_dl,wl_online_dl,nci_full,4096,LinearSVM,mccv,5,0.644281,0.644648,0.643348,0.59623,0.32189,0.323077,0.320266,0.215713,0.93604,0.7506,0.288025,0.010938,0.023199,0.02105,0.021375,0.012596,,4069.7,20260803_201616,mc_cv_wl_online_dl_nci_full_atoms4096_20260803_201616_20260804_080708
wl,online_dl,online_dl,wl_online_dl,nci_full,4096,RandomForest,mccv,5,0.556147,0.592924,0.565447,0.553888,0.150119,0.26,0.187347,0.13383,0.894604,0.688313,0.143413,0.014904,0.027773,0.019346,0.031766,0.027021,,4069.7,20260803_201616,mc_cv_wl_online_dl_nci_full_atoms4096_20260803_201616_20260804_080708
wl,frozen_ksvd,frozen_ksvd_gpu,wl_frozen_ksvd_gpu,nci_full,128,LogisticRegression,mccv,5,0.660604,0.686354,0.670904,0.651013,0.350462,0.410769,0.375512,0.314902,0.936077,0.832664,0.344898,0.010593,0.021211,0.027504,0.020894,0.012045,,11.92,20260802_230147,mc_cv_wl_frozen_ksvd_gpu_nci_full_atoms128_20260802_230147_20260802_230522
wl,frozen_ksvd,frozen_ksvd_gpu,wl_frozen_ksvd_gpu,nci_full,128,GradientBoosting,mccv,5,0.660584,0.679804,0.668651,0.652666,0.351092,0.396154,0.370563,0.319642,0.936835,0.817514,0.33915,0.014526,0.02744,0.014436,0.028812,0.011357,,11.92,20260802_230147,mc_cv_wl_frozen_ksvd_gpu_nci_full_atoms128_20260802_230147_20260802_230522
wl,frozen_ksvd,frozen_ksvd_gpu,wl_frozen_ksvd_gpu,nci_full,128,LinearSVM,mccv,5,0.653124,0.697953,0.671127,0.645306,0.334282,0.439231,0.378012,0.303632,0.932395,0.831823,0.347544,0.015244,0.029877,0.026463,0.031455,0.012516,,11.92,20260802_230147,mc_cv_wl_frozen_ksvd_gpu_nci_full_atoms128_20260802_230147_20260802_230522
wl,frozen_ksvd,frozen_ksvd_gpu,wl_frozen_ksvd_gpu,nci_full,128,RandomForest,mccv,5,0.745852,0.711325,0.722879,0.71022,0.518865,0.444615,0.470371,0.432884,0.953005,0.85203,0.452201,0.014035,0.026499,0.037913,0.027677,0.009159,,11.92,20260802_230147,mc_cv_wl_frozen_ksvd_gpu_nci_full_atoms128_20260802_230147_20260802_230522
wl,frozen_ksvd,frozen_ksvd_gpu,wl_frozen_ksvd_gpu,nci_full,256,LogisticRegression,mccv,5,0.693629,0.690848,0.689823,0.667052,0.416244,0.411538,0.409085,0.347351,0.943945,0.828734,0.382418,0.016518,0.029865,0.042078,0.032658,0.012797,,13.24,20260802_235451,mc_cv_wl_frozen_ksvd_gpu_nci_full_atoms256_20260802_235451_20260802_235846
wl,frozen_ksvd,frozen_ksvd_gpu,wl_frozen_ksvd_gpu,nci_full,256,GradientBoosting,mccv,5,0.661817,0.66055,0.657443,0.635879,0.355433,0.354615,0.347595,0.287108,0.937773,0.799933,0.319289,0.017682,0.034269,0.045718,0.031186,0.012022,,13.24,20260802_235451,mc_cv_wl_frozen_ksvd_gpu_nci_full_atoms256_20260802_235451_20260802_235846
wl,frozen_ksvd,frozen_ksvd_gpu,wl_frozen_ksvd_gpu,nci_full,256,LinearSVM,mccv,5,0.684003,0.673049,0.677366,0.653771,0.398722,0.374615,0.384362,0.321471,0.943476,0.823026,0.356072,0.018917,0.035088,0.037458,0.037906,0.015072,,13.24,20260802_235451,mc_cv_wl_frozen_ksvd_gpu_nci_full_atoms256_20260802_235451_20260802_235846
wl,frozen_ksvd,frozen_ksvd_gpu,wl_frozen_ksvd_gpu,nci_full,256,RandomForest,mccv,5,0.732105,0.688085,0.705155,0.699108,0.49362,0.396923,0.435427,0.411186,0.951922,0.841593,0.415835,0.012279,0.024826,0.024577,0.025264,0.012821,,13.24,20260802_235451,mc_cv_wl_frozen_ksvd_gpu_nci_full_atoms256_20260802_235451_20260802_235846
wl,frozen_ksvd,frozen_ksvd_gpu,wl_frozen_ksvd_gpu,nci_full,512,LogisticRegression,mccv,5,0.711512,0.699141,0.704139,0.678425,0.451299,0.423846,0.435208,0.369552,0.948601,0.839889,0.409644,0.015369,0.030448,0.038068,0.02992,0.018307,,14.13,20260803_000015,mc_cv_wl_frozen_ksvd_gpu_nci_full_atoms512_20260803_000015_20260803_000447
wl,frozen_ksvd,frozen_ksvd_gpu,wl_frozen_ksvd_gpu,nci_full,512,GradientBoosting,mccv,5,0.66033,0.664087,0.660497,0.638365,0.352135,0.361538,0.353437,0.292634,0.938242,0.800878,0.323016,0.021686,0.042215,0.032533,0.043325,0.019395,,14.13,20260803_000015,mc_cv_wl_frozen_ksvd_gpu_nci_full_atoms512_20260803_000015_20260803_000447
wl,frozen_ksvd,frozen_ksvd_gpu,wl_frozen_ksvd_gpu,nci_full,512,LinearSVM,mccv,5,0.706299,0.685775,0.69422,0.661817,0.442157,0.396923,0.415921,0.337593,0.947518,0.827566,0.390502,0.008558,0.014424,0.040746,0.019438,0.019155,,14.13,20260803_000015,mc_cv_wl_frozen_ksvd_gpu_nci_full_atoms512_20260803_000015_20260803_000447
wl,frozen_ksvd,frozen_ksvd_gpu,wl_frozen_ksvd_gpu,nci_full,512,RandomForest,mccv,5,0.738037,0.713689,0.72504,0.709578,0.503048,0.449231,0.474501,0.43165,0.95333,0.851128,0.451019,0.013325,0.025568,0.04855,0.026559,0.021826,,14.13,20260803_000015,mc_cv_wl_frozen_ksvd_gpu_nci_full_atoms512_20260803_000015_20260803_000447
wl,frozen_ksvd,frozen_ksvd_gpu,wl_frozen_ksvd_gpu,nci_full,1024,LogisticRegression,mccv,5,0.69707,0.688737,0.691596,0.653694,0.423368,0.405385,0.411776,0.320919,0.945497,0.830828,0.384699,0.01227,0.022185,0.033276,0.025101,0.019298,,15.13,20260803_001025,mc_cv_wl_frozen_ksvd_gpu_nci_full_atoms1024_20260803_001025_20260803_001612
wl,frozen_ksvd,frozen_ksvd_gpu,wl_frozen_ksvd_gpu,nci_full,1024,GradientBoosting,mccv,5,0.663943,0.659511,0.660884,0.635522,0.359847,0.35,0.353248,0.286757,0.939975,0.802418,0.322761,0.013695,0.026678,0.035793,0.027604,0.011081,,15.13,20260803_001025,mc_cv_wl_frozen_ksvd_gpu_nci_full_atoms1024_20260803_001025_20260803_001612
wl,frozen_ksvd,frozen_ksvd_gpu,wl_frozen_ksvd_gpu,nci_full,1024,LinearSVM,mccv,5,0.655442,0.691901,0.669481,0.639812,0.339529,0.425385,0.374153,0.29473,0.933406,0.814665,0.343999,0.003973,0.009762,0.039237,0.010976,0.021471,,15.13,20260803_001025,mc_cv_wl_frozen_ksvd_gpu_nci_full_atoms1024_20260803_001025_20260803_001612
wl,frozen_ksvd,frozen_ksvd_gpu,wl_frozen_ksvd_gpu,nci_full,1024,RandomForest,mccv,5,0.740389,0.707725,0.719421,0.699714,0.508295,0.436923,0.463373,0.411889,0.953113,0.848753,0.444026,0.022401,0.045175,0.061768,0.037753,0.036946,,15.13,20260803_001025,mc_cv_wl_frozen_ksvd_gpu_nci_full_atoms1024_20260803_001025_20260803_001612
wl,frozen_ksvd,frozen_ksvd_gpu,wl_frozen_ksvd_gpu,nci_full,2048,LogisticRegression,mccv,5,0.69822,0.686612,0.691732,0.663838,0.425894,0.4,0.411586,0.340948,0.946327,0.830378,0.384254,0.015696,0.029927,0.03901,0.031162,0.01179,,16.95,20260803_001651,mc_cv_wl_frozen_ksvd_gpu_nci_full_atoms2048_20260803_001651_20260803_002504
wl,frozen_ksvd,frozen_ksvd_gpu,wl_frozen_ksvd_gpu,nci_full,2048,GradientBoosting,mccv,5,0.662389,0.633679,0.64052,0.621687,0.359168,0.297692,0.313515,0.260111,0.938134,0.78796,0.289877,0.01237,0.016909,0.026103,0.022875,0.015726,,16.95,20260803_001651,mc_cv_wl_frozen_ksvd_gpu_nci_full_atoms2048_20260803_001651_20260803_002504
wl,frozen_ksvd,frozen_ksvd_gpu,wl_frozen_ksvd_gpu,nci_full,2048,LinearSVM,mccv,5,0.670766,0.685347,0.675935,0.651965,0.370949,0.405385,0.383954,0.31899,0.939036,0.813389,0.354369,0.016369,0.031306,0.037211,0.032837,0.016644,,16.95,20260803_001651,mc_cv_wl_frozen_ksvd_gpu_nci_full_atoms2048_20260803_001651_20260803_002504
wl,frozen_ksvd,frozen_ksvd_gpu,wl_frozen_ksvd_gpu,nci_full,2048,RandomForest,mccv,5,0.735473,0.70205,0.716791,0.705312,0.499037,0.425385,0.458286,0.422748,0.952752,0.851681,0.435811,0.013836,0.026056,0.036518,0.028333,0.01201,,16.95,20260803_001651,mc_cv_wl_frozen_ksvd_gpu_nci_full_atoms2048_20260803_001651_20260803_002504
wl,frozen_ksvd,frozen_ksvd_gpu,wl_frozen_ksvd_gpu,nci_full,4096,LogisticRegression,mccv,5,0.63258,0.668815,0.64609,0.614482,0.295953,0.383077,0.330407,0.243918,0.927739,0.808715,0.2978,0.012364,0.026267,0.028936,0.030754,0.014774,,32.63,20260803_002600,mc_cv_wl_frozen_ksvd_gpu_nci_full_atoms4096_20260803_002600_20260803_004544
wl,frozen_ksvd,frozen_ksvd_gpu,wl_frozen_ksvd_gpu,nci_full,4096,GradientBoosting,mccv,5,0.624849,0.658897,0.638508,0.607176,0.281474,0.363846,0.316001,0.238466,0.926259,0.74077,0.28114,0.008191,0.016644,0.012398,0.018072,0.016984,,32.63,20260803_002600,mc_cv_wl_frozen_ksvd_gpu_nci_full_atoms4096_20260803_002600_20260803_004544
wl,frozen_ksvd,frozen_ksvd_gpu,wl_frozen_ksvd_gpu,nci_full,4096,LinearSVM,mccv,5,0.621652,0.65565,0.63489,0.598545,0.275374,0.357692,0.309092,0.213212,0.925645,0.792437,0.274379,0.019481,0.039172,0.031369,0.042687,0.014121,,32.63,20260803_002600,mc_cv_wl_frozen_ksvd_gpu_nci_full_atoms4096_20260803_002600_20260803_004544
wl,frozen_ksvd,frozen_ksvd_gpu,wl_frozen_ksvd_gpu,nci_full,4096,RandomForest,mccv,5,0.714666,0.685901,0.695558,0.673006,0.458881,0.396154,0.418097,0.360174,0.948457,0.826608,0.39632,0.006777,0.014868,0.015376,0.015225,0.012177,,32.63,20260803_002600,mc_cv_wl_frozen_ksvd_gpu_nci_full_atoms4096_20260803_002600_20260803_004544
wl,bayesian,bayesian_gpu,wl_bayesian_gpu,nci_full,32,LogisticRegression,mccv,5,0.557456,0.613702,0.565545,0.55772,0.150288,0.32,0.196529,0.134158,0.879841,0.749688,0.158808,0.010199,0.021271,0.011799,0.027397,0.017336,,12.07,20260802_153540,mc_cv_wl_bayesian_gpu_nci_full_atoms32_20260802_153540_20260802_154000
wl,bayesian,bayesian_gpu,wl_bayesian_gpu,nci_full,32,GradientBoosting,mccv,5,0.579599,0.613689,0.590622,0.570569,0.195156,0.286154,0.228821,0.159911,0.910485,0.753691,0.189089,0.014746,0.031018,0.022717,0.031621,0.016721,,12.07,20260802_153540,mc_cv_wl_bayesian_gpu_nci_full_atoms32_20260802_153540_20260802_154000
wl,bayesian,bayesian_gpu,wl_bayesian_gpu,nci_full,32,LinearSVM,mccv,5,0.559252,0.613993,0.567394,0.558701,0.153886,0.318462,0.199107,0.136443,0.88179,0.749644,0.161384,0.011825,0.021296,0.011487,0.026588,0.018142,,12.07,20260802_153540,mc_cv_wl_bayesian_gpu_nci_full_atoms32_20260802_153540_20260802_154000
wl,bayesian,bayesian_gpu,wl_bayesian_gpu,nci_full,32,RandomForest,mccv,5,0.626357,0.633359,0.626132,0.603356,0.287022,0.305385,0.288814,0.224546,0.930554,0.78305,0.25674,0.017241,0.036604,0.037919,0.035863,0.019759,,12.07,20260802_153540,mc_cv_wl_bayesian_gpu_nci_full_atoms32_20260802_153540_20260802_154000
wl,bayesian,bayesian_gpu,wl_bayesian_gpu,nci_full,64,LogisticRegression,mccv,5,0.567256,0.650021,0.582499,0.565498,0.166227,0.401538,0.233057,0.147371,0.875185,0.776537,0.200078,0.011462,0.01202,0.017032,0.009955,0.010696,,13.87,20260802_150010,mc_cv_wl_bayesian_gpu_nci_full_atoms64_20260802_150010_20260802_150545
wl,bayesian,bayesian_gpu,wl_bayesian_gpu,nci_full,64,GradientBoosting,mccv,5,0.580599,0.634565,0.597237,0.575025,0.195001,0.339231,0.246804,0.167835,0.902184,0.76112,0.207976,0.016433,0.027499,0.013822,0.02924,0.015542,,13.87,20260802_150010,mc_cv_wl_bayesian_gpu_nci_full_atoms64_20260802_150010_20260802_150545
wl,bayesian,bayesian_gpu,wl_bayesian_gpu,nci_full,64,LinearSVM,mccv,5,0.570752,0.653006,0.587282,0.566816,0.172997,0.403077,0.240114,0.150003,0.87948,0.777653,0.207302,0.012163,0.014909,0.017018,0.013787,0.010808,,13.87,20260802_150010,mc_cv_wl_bayesian_gpu_nci_full_atoms64_20260802_150010_20260802_150545
wl,bayesian,bayesian_gpu,wl_bayesian_gpu,nci_full,64,RandomForest,mccv,5,0.601774,0.650698,0.615266,0.59417,0.235801,0.363846,0.278327,0.206099,0.91063,0.781348,0.244674,0.013807,0.017541,0.020271,0.017088,0.025373,,13.87,20260802_150010,mc_cv_wl_bayesian_gpu_nci_full_atoms64_20260802_150010_20260802_150545
wl,bayesian,bayesian_gpu,wl_bayesian_gpu,nci_full,128,LogisticRegression,mccv,5,0.591836,0.658059,0.612415,0.583832,0.215147,0.385385,0.275595,0.182695,0.905143,0.798307,0.240749,0.011047,0.021658,0.021097,0.025183,0.020257,,16.02,20260802_154328,mc_cv_wl_bayesian_gpu_nci_full_atoms128_20260802_154328_20260802_155113
wl,bayesian,bayesian_gpu,wl_bayesian_gpu,nci_full,128,GradientBoosting,mccv,5,0.589263,0.615698,0.599156,0.583147,0.214397,0.281538,0.24141,0.186537,0.918498,0.752361,0.202547,0.027993,0.05639,0.042196,0.057132,0.01787,,16.02,20260802_154328,mc_cv_wl_bayesian_gpu_nci_full_atoms128_20260802_154328_20260802_155113
wl,bayesian,bayesian_gpu,wl_bayesian_gpu,nci_full,128,LinearSVM,mccv,5,0.592869,0.663801,0.613204,0.585069,0.216567,0.400769,0.27895,0.185056,0.902148,0.799426,0.245782,0.011829,0.016572,0.023934,0.015591,0.018532,,16.02,20260802_154328,mc_cv_wl_bayesian_gpu_nci_full_atoms128_20260802_154328_20260802_155113
wl,bayesian,bayesian_gpu,wl_bayesian_gpu,nci_full,128,RandomForest,mccv,5,0.622581,0.644586,0.630848,0.604327,0.278349,0.332308,0.299922,0.226956,0.927558,0.779636,0.26508,0.011385,0.023298,0.038855,0.024354,0.014573,,16.02,20260802_154328,mc_cv_wl_bayesian_gpu_nci_full_atoms128_20260802_154328_20260802_155113
wl,bayesian,bayesian_gpu,wl_bayesian_gpu,nci_full,256,LogisticRegression,mccv,5,0.585443,0.624545,0.597776,0.572168,0.20577,0.309231,0.243309,0.161602,0.910269,0.771623,0.204884,0.004199,0.011481,0.008042,0.01324,0.005762,,22.91,20260802_182312,mc_cv_wl_bayesian_gpu_nci_full_atoms256_20260802_182312_20260802_183536
wl,bayesian,bayesian_gpu,wl_bayesian_gpu,nci_full,256,GradientBoosting,mccv,5,0.563638,0.616495,0.575052,0.561157,0.162601,0.313846,0.209023,0.145109,0.890742,0.720617,0.170318,0.007074,0.021128,0.022061,0.027456,0.017227,,22.91,20260802_182312,mc_cv_wl_bayesian_gpu_nci_full_atoms256_20260802_182312_20260802_183536
wl,bayesian,bayesian_gpu,wl_bayesian_gpu,nci_full,256,LinearSVM,mccv,5,0.584472,0.631612,0.59972,0.573421,0.203099,0.326923,0.248647,0.164275,0.907706,0.77089,0.210163,0.002147,0.009121,0.007115,0.011782,0.005442,,22.91,20260802_182312,mc_cv_wl_bayesian_gpu_nci_full_atoms256_20260802_182312_20260802_183536
wl,bayesian,bayesian_gpu,wl_bayesian_gpu,nci_full,256,RandomForest,mccv,5,0.575909,0.626492,0.589202,0.569652,0.186328,0.328462,0.234074,0.161454,0.896553,0.730685,0.194715,0.020883,0.025907,0.02231,0.024777,0.015625,,22.91,20260802_182312,mc_cv_wl_bayesian_gpu_nci_full_atoms256_20260802_182312_20260802_183536
wl,bayesian,bayesian_gpu,wl_bayesian_gpu,nci_full,512,LogisticRegression,mccv,5,0.566294,0.636319,0.580287,0.563865,0.1658,0.365385,0.22474,0.147349,0.881826,0.749244,0.188869,0.013848,0.022098,0.022635,0.027035,0.026289,,34.68,20260802_162818,mc_cv_wl_bayesian_gpu_nci_full_atoms512_20260802_162818_20260802_164900
wl,bayesian,bayesian_gpu,wl_bayesian_gpu,nci_full,512,GradientBoosting,mccv,5,0.561389,0.600254,0.56862,0.55034,0.159826,0.28,0.196225,0.126196,0.890453,0.695953,0.15428,0.020769,0.030186,0.021785,0.033752,0.027585,,34.68,20260802_162818,mc_cv_wl_bayesian_gpu_nci_full_atoms512_20260802_162818_20260802_164900
wl,bayesian,bayesian_gpu,wl_bayesian_gpu,nci_full,512,LinearSVM,mccv,5,0.573718,0.618582,0.586824,0.563914,0.182803,0.306923,0.226619,0.147189,0.900993,0.750732,0.186102,0.016128,0.025818,0.020438,0.026893,0.022841,,34.68,20260802_162818,mc_cv_wl_bayesian_gpu_nci_full_atoms512_20260802_162818_20260802_164900
wl,bayesian,bayesian_gpu,wl_bayesian_gpu,nci_full,512,RandomForest,mccv,5,0.555662,0.597991,0.565367,0.54623,0.148586,0.273846,0.188875,0.119165,0.891716,0.688868,0.146409,0.009021,0.024268,0.017153,0.026539,0.036052,,34.68,20260802_162818,mc_cv_wl_bayesian_gpu_nci_full_atoms512_20260802_162818_20260802_164900
wl,bayesian,bayesian_gpu,wl_bayesian_gpu,nci_full,1024,LogisticRegression,mccv,5,0.551447,0.615153,0.561769,0.547207,0.138157,0.333846,0.194306,0.117439,0.87006,0.70397,0.153529,0.010825,0.017348,0.013787,0.020628,0.016299,,56.38,20260802_165346,mc_cv_wl_bayesian_gpu_nci_full_atoms1024_20260802_165346_20260802_173007
wl,bayesian,bayesian_gpu,wl_bayesian_gpu,nci_full,1024,GradientBoosting,mccv,5,0.542782,0.571221,0.547712,0.536062,0.125475,0.217692,0.15356,0.100871,0.891572,0.656227,0.108662,0.008773,0.028158,0.013724,0.024751,0.022369,,56.38,20260802_165346,mc_cv_wl_bayesian_gpu_nci_full_atoms1024_20260802_165346_20260802_173007
wl,bayesian,bayesian_gpu,wl_bayesian_gpu,nci_full,1024,LinearSVM,mccv,5,0.547162,0.603911,0.555747,0.543498,0.130714,0.31,0.182152,0.111132,0.87024,0.690769,0.139409,0.010018,0.018447,0.013812,0.023423,0.014841,,56.38,20260802_165346,mc_cv_wl_bayesian_gpu_nci_full_atoms1024_20260802_165346_20260802_173007
wl,bayesian,bayesian_gpu,wl_bayesian_gpu,nci_full,1024,RandomForest,mccv,5,0.549984,0.571075,0.555113,0.532604,0.14001,0.206154,0.162525,0.095841,0.901751,0.650922,0.117801,0.013321,0.027786,0.012591,0.030608,0.022516,,56.38,20260802_165346,mc_cv_wl_bayesian_gpu_nci_full_atoms1024_20260802_165346_20260802_173007
wl,bayesian,bayesian_gpu,wl_bayesian_gpu,nci_full,2048,LogisticRegression,mccv,5,0.542222,0.600042,0.544595,0.540291,0.120901,0.321538,0.171074,0.106726,0.852409,0.681691,0.128475,0.01935,0.00968,0.008129,0.010425,0.007875,,101.96,20260802_183706,mc_cv_wl_bayesian_gpu_nci_full_atoms2048_20260802_183706_20260802_194607
wl,bayesian,bayesian_gpu,wl_bayesian_gpu,nci_full,2048,GradientBoosting,mccv,5,0.53343,0.549004,0.537016,0.526671,0.109043,0.167692,0.130263,0.085762,0.894532,0.617605,0.080447,0.008016,0.008424,0.008995,0.010743,0.022762,,101.96,20260802_183706,mc_cv_wl_bayesian_gpu_nci_full_atoms2048_20260802_183706_20260802_194607
wl,bayesian,bayesian_gpu,wl_bayesian_gpu,nci_full,2048,LinearSVM,mccv,5,0.539005,0.592358,0.542269,0.535683,0.115389,0.302308,0.164297,0.098608,0.855189,0.670258,0.11918,0.014919,0.012842,0.005557,0.014636,0.006977,,101.96,20260802_183706,mc_cv_wl_bayesian_gpu_nci_full_atoms2048_20260802_183706_20260802_194607
wl,bayesian,bayesian_gpu,wl_bayesian_gpu,nci_full,2048,RandomForest,mccv,5,0.529295,0.574231,0.523456,0.52482,0.097578,0.289231,0.141083,0.082596,0.832485,0.625738,0.091898,0.025376,0.018077,0.009045,0.020722,0.012151,,101.96,20260802_183706,mc_cv_wl_bayesian_gpu_nci_full_atoms2048_20260802_183706_20260802_194607
wl,bayesian,bayesian_gpu,wl_bayesian_gpu,nci_full,4096,LogisticRegression,mccv,5,0.541412,0.58993,0.545538,0.541698,0.120583,0.286923,0.165148,0.109265,0.864501,0.682147,0.120519,0.013545,0.020123,0.013837,0.02245,0.019507,,192.08,20260802_200225,mc_cv_wl_bayesian_gpu_nci_full_atoms4096_20260802_200225_20260802_221231
wl,bayesian,bayesian_gpu,wl_bayesian_gpu,nci_full,4096,GradientBoosting,mccv,5,0.523739,0.564058,0.511792,0.522904,0.087337,0.286154,0.128593,0.07922,0.815882,0.610015,0.076659,0.028329,0.011531,0.006736,0.014859,0.015693,,192.08,20260802_200225,mc_cv_wl_bayesian_gpu_nci_full_atoms4096_20260802_200225_20260802_221231
wl,bayesian,bayesian_gpu,wl_bayesian_gpu,nci_full,4096,LinearSVM,mccv,5,0.535278,0.585769,0.537489,0.537538,0.10862,0.29,0.155285,0.101889,0.853781,0.671758,0.109117,0.004664,0.011858,0.012778,0.015404,0.01893,,192.08,20260802_200225,mc_cv_wl_bayesian_gpu_nci_full_atoms4096_20260802_200225_20260802_221231
wl,bayesian,bayesian_gpu,wl_bayesian_gpu,nci_full,4096,RandomForest,mccv,5,0.523497,0.566219,0.512504,0.52174,0.086762,0.293846,0.130554,0.078614,0.81303,0.608699,0.077854,0.021643,0.014535,0.010872,0.019824,0.034073,,192.08,20260802_200225,mc_cv_wl_bayesian_gpu_nci_full_atoms4096_20260802_200225_20260802_221231
fsm,fddl,fddl_gpu,fsm_fddl_gpu,nci_full,32,LogisticRegression,mccv,5,0.579686,0.647296,0.597161,0.576326,0.191727,0.374615,0.251237,0.171352,0.894387,0.75785,0.215767,0.011791,0.013072,0.011542,0.010484,0.016306,,159.82,20260803_235300,mc_cv_fsm_fddl_gpu_nci_full_atoms32_20260803_235300_20260804_002511
fsm,fddl,fddl_gpu,fsm_fddl_gpu,nci_full,32,GradientBoosting,mccv,5,0.645218,0.662268,0.651243,0.636535,0.321994,0.363846,0.337977,0.289107,0.932684,0.800645,0.305557,0.012143,0.019435,0.02645,0.020814,0.020723,,159.82,20260803_235300,mc_cv_fsm_fddl_gpu_nci_full_atoms32_20260803_235300_20260804_002511
fsm,fddl,fddl_gpu,fsm_fddl_gpu,nci_full,32,LinearSVM,mccv,5,0.583875,0.646782,0.600254,0.580182,0.200214,0.369231,0.255202,0.177622,0.898286,0.77181,0.220193,0.010747,0.012333,0.012841,0.0108,0.011644,,159.82,20260803_235300,mc_cv_fsm_fddl_gpu_nci_full_atoms32_20260803_235300_20260804_002511
fsm,fddl,fddl_gpu,fsm_fddl_gpu,nci_full,32,RandomForest,mccv,5,0.688499,0.69736,0.691757,0.674988,0.405335,0.426154,0.413414,0.36477,0.943115,0.824961,0.384888,0.011429,0.020598,0.031508,0.022686,0.013922,,159.82,20260803_235300,mc_cv_fsm_fddl_gpu_nci_full_atoms32_20260803_235300_20260804_002511
fsm,fddl,fddl_gpu,fsm_fddl_gpu,nci_full,256,LogisticRegression,mccv,5,0.616485,0.659475,0.632353,0.602954,0.264594,0.37,0.306178,0.221408,0.921783,0.801304,0.271656,0.007192,0.017112,0.023516,0.019848,0.020611,,188.9,20260804_225500,mc_cv_fsm_fddl_gpu_nci_full_atoms256_20260804_225500_20260804_233422
fsm,fddl,fddl_gpu,fsm_fddl_gpu,nci_full,256,GradientBoosting,mccv,5,0.65374,0.678496,0.660391,0.656136,0.337412,0.398462,0.356588,0.327069,0.93225,0.813746,0.327664,0.009156,0.013405,0.01449,0.015846,0.014792,,188.9,20260804_225500,mc_cv_fsm_fddl_gpu_nci_full_atoms256_20260804_225500_20260804_233422
fsm,fddl,fddl_gpu,fsm_fddl_gpu,nci_full,256,LinearSVM,mccv,5,0.637025,0.661567,0.647232,0.612805,0.305649,0.363846,0.330657,0.240982,0.931348,0.810662,0.296958,0.011257,0.02415,0.023824,0.025315,0.022179,,188.9,20260804_225500,mc_cv_fsm_fddl_gpu_nci_full_atoms256_20260804_225500_20260804_233422
fsm,fddl,fddl_gpu,fsm_fddl_gpu,nci_full,256,RandomForest,mccv,5,0.691965,0.699429,0.695182,0.674843,0.412091,0.429231,0.419638,0.361741,0.94427,0.843903,0.390967,0.008062,0.015085,0.02221,0.01634,0.014284,,188.9,20260804_225500,mc_cv_fsm_fddl_gpu_nci_full_atoms256_20260804_225500_20260804_233422
fsm,fddl,fddl_gpu,fsm_fddl_gpu,nci_full,512,LogisticRegression,mccv,5,0.613901,0.655011,0.630239,0.603207,0.259894,0.360769,0.30199,0.221084,0.921639,0.809764,0.265695,0.012188,0.022311,0.011453,0.023802,0.004493,,229.74,20260804_140526,mc_cv_fsm_fddl_gpu_nci_full_atoms512_20260804_140526_20260804_145410
fsm,fddl,fddl_gpu,fsm_fddl_gpu,nci_full,512,GradientBoosting,mccv,5,0.681615,0.679529,0.678547,0.666695,0.393279,0.39,0.387613,0.346397,0.941888,0.8315,0.359438,0.013315,0.023336,0.017131,0.028137,0.006947,,229.74,20260804_140526,mc_cv_fsm_fddl_gpu_nci_full_atoms512_20260804_140526_20260804_145410
fsm,fddl,fddl_gpu,fsm_fddl_gpu,nci_full,512,LinearSVM,mccv,5,0.631656,0.669742,0.646848,0.614286,0.294038,0.385385,0.332089,0.243876,0.927414,0.817906,0.298395,0.010313,0.020376,0.01081,0.021472,0.006752,,229.74,20260804_140526,mc_cv_fsm_fddl_gpu_nci_full_atoms512_20260804_140526_20260804_145410
fsm,fddl,fddl_gpu,fsm_fddl_gpu,nci_full,512,RandomForest,mccv,5,0.722523,0.689603,0.701284,0.678409,0.474267,0.402308,0.428761,0.36937,0.949937,0.844964,0.407847,0.006604,0.01506,0.02685,0.008998,0.013116,,229.74,20260804_140526,mc_cv_fsm_fddl_gpu_nci_full_atoms512_20260804_140526_20260804_145410
fsm,fddl,fddl_gpu,fsm_fddl_gpu,nci_full,1024,LogisticRegression,mccv,5,0.621287,0.694538,0.644608,0.611699,0.270538,0.450769,0.334445,0.23751,0.91543,0.815664,0.305726,0.010188,0.013603,0.010685,0.011826,0.009424,,343.65,20260804_004359,mc_cv_fsm_fddl_gpu_nci_full_atoms1024_20260804_004359_20260804_015515
fsm,fddl,fddl_gpu,fsm_fddl_gpu,nci_full,1024,GradientBoosting,mccv,5,0.671681,0.701657,0.684238,0.675161,0.371163,0.440769,0.401145,0.363255,0.938062,0.83113,0.371377,0.013168,0.023572,0.024685,0.024288,0.003836,,343.65,20260804_004359,mc_cv_fsm_fddl_gpu_nci_full_atoms1024_20260804_004359_20260804_015515
fsm,fddl,fddl_gpu,fsm_fddl_gpu,nci_full,1024,LinearSVM,mccv,5,0.635117,0.698566,0.658404,0.624532,0.298021,0.45,0.357322,0.262851,0.923804,0.82735,0.327089,0.009964,0.016346,0.015079,0.015864,0.005595,,343.65,20260804_004359,mc_cv_fsm_fddl_gpu_nci_full_atoms1024_20260804_004359_20260804_015515
fsm,fddl,fddl_gpu,fsm_fddl_gpu,nci_full,1024,RandomForest,mccv,5,0.695804,0.699133,0.696739,0.672977,0.419813,0.427692,0.422302,0.358272,0.9451,0.843301,0.394331,0.011313,0.021484,0.040532,0.022437,0.011097,,343.65,20260804_004359,mc_cv_fsm_fddl_gpu_nci_full_atoms1024_20260804_004359_20260804_015515
fsm,fddl,fddl_gpu,fsm_fddl_gpu,nci_full,2048,LogisticRegression,mccv,5,0.625958,0.655405,0.637554,0.608966,0.284046,0.355385,0.313527,0.232884,0.927269,0.815452,0.278941,0.00428,0.011572,0.016807,0.01169,0.006359,,681.32,20260804_104257,mc_cv_fsm_fddl_gpu_nci_full_atoms2048_20260804_104257_20260804_125534
fsm,fddl,fddl_gpu,fsm_fddl_gpu,nci_full,2048,GradientBoosting,mccv,5,0.671329,0.691986,0.68044,0.672081,0.37144,0.419231,0.392917,0.357211,0.939145,0.831835,0.362324,0.011875,0.021985,0.023883,0.023459,0.010768,,681.32,20260804_104257,mc_cv_fsm_fddl_gpu_nci_full_atoms2048_20260804_104257_20260804_125534
fsm,fddl,fddl_gpu,fsm_fddl_gpu,nci_full,2048,LinearSVM,mccv,5,0.65537,0.651843,0.652682,0.622321,0.343414,0.335385,0.337563,0.260497,0.938603,0.817842,0.306458,0.010653,0.022684,0.02663,0.020951,0.009418,,681.32,20260804_104257,mc_cv_fsm_fddl_gpu_nci_full_atoms2048_20260804_104257_20260804_125534
fsm,fddl,fddl_gpu,fsm_fddl_gpu,nci_full,2048,RandomForest,mccv,5,0.688731,0.705386,0.696055,0.671758,0.405009,0.443077,0.422049,0.35583,0.943079,0.842747,0.393291,0.005199,0.010041,0.024083,0.009938,0.010355,,681.32,20260804_104257,mc_cv_fsm_fddl_gpu_nci_full_atoms2048_20260804_104257_20260804_125534
fsm,aksvd,aksvd,fsm_aksvd,nci_full,128,LogisticRegression,mccv,5,0.602087,0.646515,0.617268,0.585614,0.236965,0.349231,0.279244,0.188739,0.9159,0.782652,0.243399,0.005957,0.01461,0.013064,0.018285,0.012692,,183.97,20260804_221845,mc_cv_fsm_aksvd_nci_full_atoms128_20260804_221845_20260804_224849
fsm,aksvd,aksvd,fsm_aksvd,nci_full,128,GradientBoosting,mccv,5,0.608079,0.650135,0.623285,0.60183,0.24866,0.354615,0.29016,0.222377,0.917921,0.765925,0.25393,0.015066,0.024367,0.020376,0.025264,0.02344,,183.97,20260804_221845,mc_cv_fsm_aksvd_nci_full_atoms128_20260804_221845_20260804_224849
fsm,aksvd,aksvd,fsm_aksvd,nci_full,128,LinearSVM,mccv,5,0.597355,0.648013,0.613317,0.584607,0.227268,0.356923,0.273669,0.187271,0.911785,0.778431,0.238522,0.002812,0.012018,0.01513,0.016207,0.013616,,183.97,20260804_221845,mc_cv_fsm_aksvd_nci_full_atoms128_20260804_221845_20260804_224849
fsm,aksvd,aksvd,fsm_aksvd,nci_full,128,RandomForest,mccv,5,0.670595,0.677561,0.673314,0.646788,0.371401,0.387692,0.37803,0.309682,0.940227,0.80524,0.347532,0.017428,0.033507,0.018092,0.035154,0.016602,,183.97,20260804_221845,mc_cv_fsm_aksvd_nci_full_atoms128_20260804_221845_20260804_224849
fsm,aksvd,aksvd,fsm_aksvd,nci_full,256,LogisticRegression,mccv,5,0.600801,0.643305,0.615527,0.581515,0.234726,0.343077,0.276041,0.180938,0.915358,0.776368,0.23933,0.014248,0.025222,0.022425,0.027254,0.022094,,190.23,20260804_214636,mc_cv_fsm_aksvd_nci_full_atoms256_20260804_214636_20260804_221717
fsm,aksvd,aksvd,fsm_aksvd,nci_full,256,GradientBoosting,mccv,5,0.616466,0.651922,0.630254,0.607412,0.265343,0.353077,0.301427,0.233606,0.922722,0.766491,0.265433,0.016267,0.028091,0.035207,0.029503,0.023732,,190.23,20260804_214636,mc_cv_fsm_aksvd_nci_full_atoms256_20260804_214636_20260804_221717
fsm,aksvd,aksvd,fsm_aksvd,nci_full,256,LinearSVM,mccv,5,0.596528,0.633014,0.606919,0.576529,0.227129,0.324615,0.260484,0.171705,0.912471,0.772561,0.224093,0.015988,0.022887,0.020027,0.023172,0.02025,,190.23,20260804_214636,mc_cv_fsm_aksvd_nci_full_atoms256_20260804_214636_20260804_221717
fsm,aksvd,aksvd,fsm_aksvd,nci_full,256,RandomForest,mccv,5,0.647531,0.685563,0.662954,0.638817,0.324308,0.413846,0.361956,0.293891,0.931781,0.801428,0.330231,0.008453,0.017894,0.030083,0.019742,0.02,,190.23,20260804_214636,mc_cv_fsm_aksvd_nci_full_atoms256_20260804_214636_20260804_221717
fsm,aksvd,aksvd,fsm_aksvd,nci_full,512,LogisticRegression,mccv,5,0.59736,0.640676,0.613028,0.581092,0.228104,0.338462,0.27147,0.182493,0.914528,0.757031,0.233642,0.021869,0.040267,0.035839,0.044114,0.024831,,260.82,20260804_205623,mc_cv_fsm_aksvd_nci_full_atoms512_20260804_205623_20260804_213349
fsm,aksvd,aksvd,fsm_aksvd,nci_full,512,GradientBoosting,mccv,5,0.602949,0.605756,0.596633,0.575219,0.242751,0.259231,0.23574,0.173895,0.919762,0.717681,0.202754,0.018392,0.027686,0.029982,0.035509,0.021798,,260.82,20260804_205623,mc_cv_fsm_aksvd_nci_full_atoms512_20260804_205623_20260804_213349
fsm,aksvd,aksvd,fsm_aksvd,nci_full,512,LinearSVM,mccv,5,0.593949,0.6335,0.606613,0.57435,0.221931,0.323846,0.258903,0.170023,0.914095,0.748833,0.222304,0.019799,0.040197,0.03295,0.043068,0.027243,,260.82,20260804_205623,mc_cv_fsm_aksvd_nci_full_atoms512_20260804_205623_20260804_213349
fsm,aksvd,aksvd,fsm_aksvd,nci_full,512,RandomForest,mccv,5,0.635387,0.623652,0.628629,0.604774,0.306136,0.279231,0.290912,0.22945,0.935752,0.757942,0.258314,0.018689,0.034082,0.04019,0.037906,0.030396,,260.82,20260804_205623,mc_cv_fsm_aksvd_nci_full_atoms512_20260804_205623_20260804_213349
fsm,aksvd,aksvd,fsm_aksvd,nci_full,1024,LogisticRegression,mccv,5,0.600995,0.636246,0.614714,0.580532,0.235875,0.323846,0.272141,0.182405,0.919329,0.748724,0.234301,0.012746,0.027062,0.017869,0.02893,0.027651,,427.75,20260804_194048,mc_cv_fsm_aksvd_nci_full_atoms1024_20260804_194048_20260804_203342
fsm,aksvd,aksvd,fsm_aksvd,nci_full,1024,GradientBoosting,mccv,5,0.603396,0.611838,0.606668,0.570224,0.243161,0.264615,0.252012,0.165581,0.926475,0.705144,0.214522,0.010741,0.021251,0.004075,0.021243,0.016984,,427.75,20260804_194048,mc_cv_fsm_aksvd_nci_full_atoms1024_20260804_194048_20260804_203342
fsm,aksvd,aksvd,fsm_aksvd,nci_full,1024,LinearSVM,mccv,5,0.582467,0.630432,0.597278,0.567885,0.199172,0.326154,0.244644,0.158395,0.906154,0.736632,0.206418,0.00644,0.016029,0.018088,0.019114,0.026138,,427.75,20260804_194048,mc_cv_fsm_aksvd_nci_full_atoms1024_20260804_194048_20260804_203342
fsm,aksvd,aksvd,fsm_aksvd,nci_full,1024,RandomForest,mccv,5,0.619583,0.639069,0.626345,0.602794,0.272884,0.321538,0.291312,0.226867,0.9268,0.748893,0.256356,0.009869,0.019583,0.01706,0.021969,0.010558,,427.75,20260804_194048,mc_cv_fsm_aksvd_nci_full_atoms1024_20260804_194048_20260804_203342
fsm,aksvd,aksvd,fsm_aksvd,nci_full,2048,LogisticRegression,mccv,5,0.597738,0.624071,0.605723,0.585518,0.230505,0.299231,0.254685,0.190943,0.918426,0.753833,0.218098,0.010537,0.021778,0.009849,0.022139,0.021074,,1059.23,20260804_150357,mc_cv_fsm_aksvd_nci_full_atoms2048_20260804_150357_20260804_165536
fsm,aksvd,aksvd,fsm_aksvd,nci_full,2048,GradientBoosting,mccv,5,0.586651,0.627829,0.599332,0.567059,0.207846,0.317692,0.247246,0.159466,0.908861,0.699623,0.208951,0.013352,0.021817,0.011886,0.024475,0.023343,,1059.23,20260804_150357,mc_cv_fsm_aksvd_nci_full_atoms2048_20260804_150357_20260804_165536
fsm,aksvd,aksvd,fsm_aksvd,nci_full,2048,LinearSVM,mccv,5,0.585451,0.614927,0.596167,0.568859,0.206812,0.284615,0.237808,0.159295,0.914239,0.734636,0.197575,0.011077,0.019133,0.008297,0.019931,0.018046,,1059.23,20260804_150357,mc_cv_fsm_aksvd_nci_full_atoms2048_20260804_150357_20260804_165536
fsm,aksvd,aksvd,fsm_aksvd,nci_full,2048,RandomForest,mccv,5,0.630053,0.631481,0.62797,0.60279,0.294638,0.3,0.291763,0.226899,0.931853,0.747644,0.259224,0.006046,0.012767,0.021689,0.013983,0.026511,,1059.23,20260804_150357,mc_cv_fsm_aksvd_nci_full_atoms2048_20260804_150357_20260804_165536
fsm,lcksvd,lcksvd,fsm_lcksvd,nci_full,512,LogisticRegression,mccv,2,0.591082,0.640919,0.608188,0.583282,0.215453,0.344231,0.264454,0.183578,0.909764,0.782971,0.226367,0.012756,0.019949,0.008143,0.020362,0.013078,,585.63,20260805_210537,mc_cv_fsm_lcksvd_nci_full_atoms512_20260805_210537_20260805_213119
fsm,lcksvd,lcksvd,fsm_lcksvd,nci_full,512,GradientBoosting,mccv,2,0.609478,0.590919,0.596619,0.578022,0.257388,0.213462,0.228314,0.178185,0.932954,0.733112,0.19751,0.006141,0.018388,0.005321,0.006771,0.02665,,585.63,20260805_210537,mc_cv_fsm_lcksvd_nci_full_atoms512_20260805_210537_20260805_213119
fsm,lcksvd,lcksvd,fsm_lcksvd,nci_full,512,LinearSVM,mccv,2,0.57823,0.639696,0.594674,0.576958,0.189633,0.357692,0.245713,0.171546,0.895236,0.776782,0.208269,0.023514,0.033585,0.006496,0.032891,0.011026,,585.63,20260805_210537,mc_cv_fsm_lcksvd_nci_full_atoms512_20260805_210537_20260805_213119
fsm,lcksvd,lcksvd,fsm_lcksvd,nci_full,512,RandomForest,mccv,2,0.640047,0.619372,0.625781,0.601664,0.315858,0.269231,0.28473,0.220834,0.936654,0.776946,0.256135,0.000999,0.004299,0.015028,0.007407,0.006297,,585.63,20260805_210537,mc_cv_fsm_lcksvd_nci_full_atoms512_20260805_210537_20260805_213119
fsm,lcksvd,lcksvd,fsm_lcksvd,nci_full,1024,LogisticRegression,mccv,2,0.593744,0.660587,0.614684,0.586498,0.218727,0.390385,0.279984,0.192034,0.905432,0.765052,0.245239,0.013427,0.021553,0.002035,0.021678,0.005004,,2283.85,20260805_183204,mc_cv_fsm_lcksvd_nci_full_atoms1024_20260805_183204_20260805_195455
fsm,lcksvd,lcksvd,fsm_lcksvd,nci_full,1024,GradientBoosting,mccv,2,0.597483,0.623792,0.608453,0.572395,0.230102,0.296154,0.258808,0.168943,0.920682,0.714178,0.21964,0.016034,0.032099,0.012898,0.033886,0.018615,,2283.85,20260805_183204,mc_cv_fsm_lcksvd_nci_full_atoms1024_20260805_183204_20260805_195455
fsm,lcksvd,lcksvd,fsm_lcksvd,nci_full,1024,LinearSVM,mccv,2,0.598875,0.632664,0.611834,0.582574,0.231979,0.317308,0.266873,0.184281,0.918426,0.764807,0.228627,0.002944,0.010216,0.004636,0.011103,0.002423,,2283.85,20260805_183204,mc_cv_fsm_lcksvd_nci_full_atoms1024_20260805_183204_20260805_195455
fsm,lcksvd,lcksvd,fsm_lcksvd,nci_full,1024,RandomForest,mccv,2,0.630827,0.660239,0.642717,0.606388,0.293337,0.363462,0.322821,0.23124,0.929164,0.76728,0.288847,0.017357,0.037315,0.041077,0.039389,0.000548,,2283.85,20260805_183204,mc_cv_fsm_lcksvd_nci_full_atoms1024_20260805_183204_20260805_195455
fsm,online_dl,online_dl,fsm_online_dl,nci_full,64,LogisticRegression,mccv,2,0.575692,0.615445,0.587558,0.561076,0.187094,0.294231,0.224945,0.142398,0.906515,0.736897,0.185575,0.00851,0.027253,0.003242,0.030643,0.012081,,805.51,20260805_092444,mc_cv_fsm_online_dl_nci_full_atoms64_20260805_092444_20260805_095815
fsm,online_dl,online_dl,fsm_online_dl,nci_full,64,GradientBoosting,mccv,2,0.601387,0.618182,0.608029,0.581893,0.23849,0.280769,0.256161,0.186723,0.923931,0.727349,0.218263,0.006614,0.017603,0.006443,0.016338,0.026536,,805.51,20260805_092444,mc_cv_fsm_online_dl_nci_full_atoms64_20260805_092444_20260805_095815
fsm,online_dl,online_dl,fsm_online_dl,nci_full,64,LinearSVM,mccv,2,0.588505,0.644809,0.605761,0.577602,0.209815,0.357692,0.262353,0.172922,0.904981,0.768276,0.225602,0.012875,0.015693,0.005326,0.013443,0.001977,,805.51,20260805_092444,mc_cv_fsm_online_dl_nci_full_atoms64_20260805_092444_20260805_095815
fsm,online_dl,online_dl,fsm_online_dl,nci_full,64,RandomForest,mccv,2,0.621511,0.650795,0.631891,0.608222,0.275559,0.348077,0.303398,0.235303,0.925104,0.767346,0.269076,0.002199,0.003168,0.011266,0.003086,0.023507,,805.51,20260805_092444,mc_cv_fsm_online_dl_nci_full_atoms64_20260805_092444_20260805_095815
fsm,online_dl,online_dl,fsm_online_dl,nci_full,128,LogisticRegression,mccv,2,0.601062,0.601257,0.601024,0.563227,0.239541,0.240385,0.239696,0.152598,0.928262,0.708749,0.202217,0.011154,0.019473,0.025026,0.022265,0.0202,,919.83,20260805_095853,mc_cv_fsm_online_dl_nci_full_atoms128_20260805_095853_20260805_103610
fsm,online_dl,online_dl,fsm_online_dl,nci_full,128,GradientBoosting,mccv,2,0.584371,0.611478,0.592233,0.57863,0.204946,0.276923,0.229743,0.181611,0.914636,0.710203,0.191823,0.009052,0.028648,0.02548,0.028364,6.4e-05,,919.83,20260805_095853,mc_cv_fsm_online_dl_nci_full_atoms128_20260805_095853_20260805_103610
fsm,online_dl,online_dl,fsm_online_dl,nci_full,128,LinearSVM,mccv,2,0.593177,0.648957,0.611922,0.57784,0.218824,0.361538,0.272158,0.178617,0.909403,0.744996,0.235437,0.002341,0.008055,0.008854,0.010623,0.009399,,919.83,20260805_095853,mc_cv_fsm_online_dl_nci_full_atoms128_20260805_095853_20260805_103610
fsm,online_dl,online_dl,fsm_online_dl,nci_full,128,RandomForest,mccv,2,0.61609,0.619715,0.616623,0.591792,0.267827,0.276923,0.269839,0.203044,0.930337,0.755095,0.234814,0.011725,0.027319,0.0003,0.024068,0.00847,,919.83,20260805_095853,mc_cv_fsm_online_dl_nci_full_atoms128_20260805_095853_20260805_103610
fsm,online_dl,online_dl,fsm_online_dl,nci_full,256,LogisticRegression,mccv,2,0.594517,0.647697,0.612933,0.578908,0.221663,0.357692,0.273565,0.180155,0.910485,0.750816,0.236249,0.022565,0.040376,0.030335,0.043401,0.034732,,1103.44,20260805_112126,mc_cv_fsm_online_dl_nci_full_atoms256_20260805_112126_20260805_120459
fsm,online_dl,online_dl,fsm_online_dl,nci_full,256,GradientBoosting,mccv,2,0.594718,0.57128,0.576574,0.56382,0.22971,0.171154,0.187672,0.152372,0.933857,0.707133,0.160867,0.027668,0.061761,0.014851,0.044605,0.003263,,1103.44,20260805_112126,mc_cv_fsm_online_dl_nci_full_atoms256_20260805_112126_20260805_120459
fsm,online_dl,online_dl,fsm_online_dl,nci_full,256,LinearSVM,mccv,2,0.59264,0.650954,0.606877,0.578956,0.217351,0.375,0.267039,0.177998,0.901011,0.767576,0.233378,0.025042,0.029918,0.029956,0.02475,0.03385,,1103.44,20260805_112126,mc_cv_fsm_online_dl_nci_full_atoms256_20260805_112126_20260805_120459
fsm,online_dl,online_dl,fsm_online_dl,nci_full,256,RandomForest,mccv,2,0.596147,0.612271,0.603367,0.594983,0.228588,0.269231,0.247244,0.208195,0.923119,0.762251,0.207791,0.014662,0.02813,0.008986,0.029603,0.007016,,1103.44,20260805_112126,mc_cv_fsm_online_dl_nci_full_atoms256_20260805_112126_20260805_120459
fsm,online_dl,online_dl,fsm_online_dl,nci_full,512,LogisticRegression,mccv,2,0.595122,0.630898,0.609148,0.577691,0.224634,0.315385,0.262382,0.176283,0.916802,0.75874,0.223171,0.004061,0.007864,0.000346,0.00847,0.005356,,2465.0,20260805_120943,mc_cv_fsm_online_dl_nci_full_atoms512_20260805_120943_20260805_133914
fsm,online_dl,online_dl,fsm_online_dl,nci_full,512,GradientBoosting,mccv,2,0.571362,0.554206,0.559936,0.539441,0.184607,0.142308,0.157805,0.113329,0.92745,0.620887,0.123368,0.01761,0.027193,0.032455,0.04007,0.034021,,2465.0,20260805_120943,mc_cv_fsm_online_dl_nci_full_atoms512_20260805_120943_20260805_133914
fsm,online_dl,online_dl,fsm_online_dl,nci_full,512,LinearSVM,mccv,2,0.590542,0.64054,0.606648,0.569407,0.21437,0.344231,0.26181,0.160587,0.909042,0.755523,0.224694,0.002697,0.003171,0.001629,0.006403,0.011688,,2465.0,20260805_120943,mc_cv_fsm_online_dl_nci_full_atoms512_20260805_120943_20260805_133914
fsm,online_dl,online_dl,fsm_online_dl,nci_full,512,RandomForest,mccv,2,0.606147,0.589831,0.59514,0.573739,0.250825,0.213462,0.226485,0.169672,0.930879,0.728574,0.193683,0.013903,0.02016,0.008162,0.031795,0.001675,,2465.0,20260805_120943,mc_cv_fsm_online_dl_nci_full_atoms512_20260805_120943_20260805_133914
fsm,online_dl,online_dl,fsm_online_dl,nci_full,1024,LogisticRegression,mccv,2,0.605438,0.692442,0.63063,0.596595,0.238842,0.457692,0.312232,0.218109,0.905162,0.753609,0.284214,0.007738,0.007198,0.014879,0.000664,0.007244,,5659.6,20260805_135229,mc_cv_fsm_online_dl_nci_full_atoms1024_20260805_135229_20260805_170944
fsm,online_dl,online_dl,fsm_online_dl,nci_full,1024,GradientBoosting,mccv,2,0.568247,0.58588,0.575417,0.552481,0.175242,0.223077,0.195914,0.136001,0.914636,0.648466,0.152987,0.013959,0.029577,0.04701,0.030103,0.043831,,5659.6,20260805_135229,mc_cv_fsm_online_dl_nci_full_atoms1024_20260805_135229_20260805_170944
fsm,online_dl,online_dl,fsm_online_dl,nci_full,1024,LinearSVM,mccv,2,0.600248,0.694457,0.626015,0.593226,0.228151,0.467308,0.305768,0.210435,0.900289,0.752778,0.278894,0.006117,0.005677,0.013989,0.000375,0.011343,,5659.6,20260805_135229,mc_cv_fsm_online_dl_nci_full_atoms1024_20260805_135229_20260805_170944
fsm,online_dl,online_dl,fsm_online_dl,nci_full,1024,RandomForest,mccv,2,0.599318,0.60975,0.603455,0.575101,0.235188,0.261538,0.24623,0.176215,0.925284,0.702953,0.208265,0.007351,0.018426,0.026971,0.01646,0.024369,,5659.6,20260805_135229,mc_cv_fsm_online_dl_nci_full_atoms1024_20260805_135229_20260805_170944
fsm,frozen_ksvd,frozen_ksvd_gpu,fsm_frozen_ksvd_gpu,nci_full,128,LogisticRegression,mccv,2,0.59477,0.661785,0.614984,0.588618,0.220626,0.392308,0.280316,0.193228,0.905974,0.787304,0.246819,0.002664,0.013135,0.002846,0.020001,0.024104,,153.19,20260805_021426,mc_cv_fsm_frozen_ksvd_gpu_nci_full_atoms128_20260805_021426_20260805_022519
fsm,frozen_ksvd,frozen_ksvd_gpu,fsm_frozen_ksvd_gpu,nci_full,128,GradientBoosting,mccv,2,0.629955,0.615195,0.621885,0.601149,0.296083,0.261538,0.277439,0.218898,0.935661,0.783589,0.244584,0.031284,0.058292,0.043868,0.063604,0.025565,,153.19,20260805_021426,mc_cv_fsm_frozen_ksvd_gpu_nci_full_atoms128_20260805_021426_20260805_022519
fsm,frozen_ksvd,frozen_ksvd_gpu,fsm_frozen_ksvd_gpu,nci_full,128,LinearSVM,mccv,2,0.602682,0.658306,0.622006,0.584677,0.236973,0.376923,0.290204,0.186021,0.913283,0.78544,0.254683,0.007756,0.010273,0.014401,0.00897,0.027616,,153.19,20260805_021426,mc_cv_fsm_frozen_ksvd_gpu_nci_full_atoms128_20260805_021426_20260805_022519
fsm,frozen_ksvd,frozen_ksvd_gpu,fsm_frozen_ksvd_gpu,nci_full,128,RandomForest,mccv,2,0.700448,0.652038,0.672127,0.659999,0.433723,0.325,0.371166,0.335465,0.948385,0.812991,0.348965,0.006199,0.012976,0.012685,0.009625,0.026098,,153.19,20260805_021426,mc_cv_fsm_frozen_ksvd_gpu_nci_full_atoms128_20260805_021426_20260805_022519
fsm,frozen_ksvd,frozen_ksvd_gpu,fsm_frozen_ksvd_gpu,nci_full,256,LogisticRegression,mccv,2,0.619686,0.642017,0.629616,0.589535,0.272835,0.326923,0.297431,0.197224,0.92754,0.778464,0.260744,0.003686,0.007322,0.004588,0.007671,0.015853,,154.11,20260805_022550,mc_cv_fsm_frozen_ksvd_gpu_nci_full_atoms256_20260805_022550_20260805_023647
fsm,frozen_ksvd,frozen_ksvd_gpu,fsm_frozen_ksvd_gpu,nci_full,256,GradientBoosting,mccv,2,0.60269,0.6717,0.622759,0.600758,0.235489,0.413462,0.296141,0.220814,0.905703,0.763587,0.264019,0.028724,0.042792,0.035104,0.039559,0.008592,,154.11,20260805_022550,mc_cv_fsm_frozen_ksvd_gpu_nci_full_atoms256_20260805_022550_20260805_023647
fsm,frozen_ksvd,frozen_ksvd_gpu,fsm_frozen_ksvd_gpu,nci_full,256,LinearSVM,mccv,2,0.619421,0.655129,0.633909,0.588895,0.270964,0.357692,0.307667,0.195623,0.924653,0.784426,0.271951,0.00583,0.014062,0.003031,0.015413,0.006351,,154.11,20260805_022550,mc_cv_fsm_frozen_ksvd_gpu_nci_full_atoms256_20260805_022550_20260805_023647
fsm,frozen_ksvd,frozen_ksvd_gpu,fsm_frozen_ksvd_gpu,nci_full,256,RandomForest,mccv,2,0.704723,0.674846,0.687824,0.653053,0.440074,0.373077,0.402674,0.322546,0.948295,0.79797,0.377895,0.015231,0.031013,0.024484,0.027636,0.016673,,154.11,20260805_022550,mc_cv_fsm_frozen_ksvd_gpu_nci_full_atoms256_20260805_022550_20260805_023647
fsm,frozen_ksvd,frozen_ksvd_gpu,fsm_frozen_ksvd_gpu,nci_full,512,LogisticRegression,mccv,2,0.612979,0.602709,0.607362,0.589687,0.263285,0.238462,0.249917,0.196738,0.932774,0.779428,0.215309,0.004457,0.006761,0.00396,0.009711,0.002793,,154.72,20260805_023727,mc_cv_fsm_frozen_ksvd_gpu_nci_full_atoms512_20260805_023727_20260805_024839
fsm,frozen_ksvd,frozen_ksvd_gpu,fsm_frozen_ksvd_gpu,nci_full,512,GradientBoosting,mccv,2,0.618925,0.624428,0.621495,0.597608,0.273065,0.286538,0.279443,0.214607,0.930608,0.755671,0.243214,0.004985,0.00809,0.003046,0.009656,0.011988,,154.72,20260805_023727,mc_cv_fsm_frozen_ksvd_gpu_nci_full_atoms512_20260805_023727_20260805_024839
fsm,frozen_ksvd,frozen_ksvd_gpu,fsm_frozen_ksvd_gpu,nci_full,512,LinearSVM,mccv,2,0.595151,0.641756,0.611796,0.581106,0.223553,0.342308,0.269802,0.180849,0.913102,0.766696,0.232022,0.00091,0.002301,0.000882,0.003772,0.00629,,154.72,20260805_023727,mc_cv_fsm_frozen_ksvd_gpu_nci_full_atoms512_20260805_023727_20260805_024839
fsm,frozen_ksvd,frozen_ksvd_gpu,fsm_frozen_ksvd_gpu,nci_full,512,RandomForest,mccv,2,0.668754,0.652869,0.65921,0.631984,0.370137,0.334615,0.349188,0.280615,0.941256,0.794923,0.320272,0.009823,0.015413,0.033992,0.021945,0.012178,,154.72,20260805_023727,mc_cv_fsm_frozen_ksvd_gpu_nci_full_atoms512_20260805_023727_20260805_024839
fsm,frozen_ksvd,frozen_ksvd_gpu,fsm_frozen_ksvd_gpu,nci_full,1024,LogisticRegression,mccv,2,0.606057,0.628221,0.6109,0.589198,0.246759,0.305769,0.263972,0.199621,0.920411,0.754603,0.229723,0.00254,0.007211,0.010158,0.004479,0.025597,,157.73,20260805_024921,mc_cv_fsm_frozen_ksvd_gpu_nci_full_atoms1024_20260805_024921_20260805_030121
fsm,frozen_ksvd,frozen_ksvd_gpu,fsm_frozen_ksvd_gpu,nci_full,1024,GradientBoosting,mccv,2,0.582043,0.648131,0.601364,0.5733,0.19647,0.371154,0.256846,0.171591,0.899116,0.709333,0.22045,0.006968,0.011058,0.002915,0.011341,0.021979,,157.73,20260805_024921,mc_cv_fsm_frozen_ksvd_gpu_nci_full_atoms1024_20260805_024921_20260805_030121
fsm,frozen_ksvd,frozen_ksvd_gpu,fsm_frozen_ksvd_gpu,nci_full,1024,LinearSVM,mccv,2,0.5982,0.630206,0.611168,0.575515,0.23089,0.311538,0.265217,0.173028,0.918968,0.743604,0.226152,0.017902,0.033632,0.025342,0.035998,0.016712,,157.73,20260805_024921,mc_cv_fsm_frozen_ksvd_gpu_nci_full_atoms1024_20260805_024921_20260805_030121
fsm,frozen_ksvd,frozen_ksvd_gpu,fsm_frozen_ksvd_gpu,nci_full,1024,RandomForest,mccv,2,0.625897,0.639685,0.630886,0.608048,0.285503,0.319231,0.298595,0.236523,0.930067,0.759123,0.264106,0.006785,0.018216,0.025054,0.016345,0.032086,,157.73,20260805_024921,mc_cv_fsm_frozen_ksvd_gpu_nci_full_atoms1024_20260805_024921_20260805_030121
fsm,bayesian,bayesian_gpu,fsm_bayesian_gpu,nci_full,128,LogisticRegression,mccv,2,0.594134,0.658034,0.612814,0.584232,0.219713,0.384615,0.276093,0.186961,0.905793,0.776057,0.24254,0.000985,0.008732,0.016423,0.016025,0.019462,,153.93,20260805_020143,mc_cv_fsm_bayesian_gpu_nci_full_atoms128_20260805_020143_20260805_021321
fsm,bayesian,bayesian_gpu,fsm_bayesian_gpu,nci_full,128,GradientBoosting,mccv,2,0.590295,0.624197,0.601943,0.589426,0.215582,0.305769,0.250256,0.199242,0.912741,0.748934,0.210827,0.021343,0.032235,0.006442,0.034347,0.020451,,153.93,20260805_020143,mc_cv_fsm_bayesian_gpu_nci_full_atoms128_20260805_020143_20260805_021321
fsm,bayesian,bayesian_gpu,fsm_bayesian_gpu,nci_full,128,LinearSVM,mccv,2,0.592809,0.662966,0.613211,0.584049,0.216541,0.398077,0.278472,0.187019,0.902996,0.777597,0.245165,0.007385,0.005337,0.005953,7.2e-05,0.009783,,153.93,20260805_020143,mc_cv_fsm_bayesian_gpu_nci_full_atoms128_20260805_020143_20260805_021321
fsm,bayesian,bayesian_gpu,fsm_bayesian_gpu,nci_full,128,RandomForest,mccv,2,0.619618,0.628162,0.621224,0.601611,0.27404,0.298077,0.28079,0.222088,0.927269,0.765846,0.245788,0.020335,0.031275,0.029809,0.037547,0.020489,,153.93,20260805_020143,mc_cv_fsm_bayesian_gpu_nci_full_atoms128_20260805_020143_20260805_021321
fsm,bayesian,bayesian_gpu,fsm_bayesian_gpu,nci_full,256,LogisticRegression,mccv,2,0.588495,0.677714,0.611781,0.585152,0.206255,0.438462,0.28048,0.187897,0.894514,0.786589,0.250789,0.003846,0.008862,0.013887,0.011839,0.004575,,155.15,20260805_013118,mc_cv_fsm_bayesian_gpu_nci_full_atoms256_20260805_013118_20260805_014426
fsm,bayesian,bayesian_gpu,fsm_bayesian_gpu,nci_full,256,GradientBoosting,mccv,2,0.58709,0.643833,0.604794,0.576792,0.207077,0.353846,0.259471,0.177247,0.906605,0.724036,0.223161,0.015746,0.037114,0.058872,0.044328,0.043271,,155.15,20260805_013118,mc_cv_fsm_bayesian_gpu_nci_full_atoms256_20260805_013118_20260805_014426
fsm,bayesian,bayesian_gpu,fsm_bayesian_gpu,nci_full,256,LinearSVM,mccv,2,0.602159,0.63796,0.614855,0.582395,0.238005,0.328846,0.273164,0.183077,0.918065,0.783951,0.236292,0.001273,0.005067,0.022977,0.006098,0.010444,,155.15,20260805_013118,mc_cv_fsm_bayesian_gpu_nci_full_atoms256_20260805_013118_20260805_014426
fsm,bayesian,bayesian_gpu,fsm_bayesian_gpu,nci_full,256,RandomForest,mccv,2,0.597621,0.612176,0.603841,0.575487,0.231547,0.269231,0.248302,0.16985,0.922938,0.764395,0.209042,0.020034,0.034783,0.020306,0.038333,0.028847,,155.15,20260805_013118,mc_cv_fsm_bayesian_gpu_nci_full_atoms256_20260805_013118_20260805_014426
fsm,bayesian,bayesian_gpu,fsm_bayesian_gpu,nci_full,512,LogisticRegression,mccv,2,0.572786,0.653731,0.588604,0.569553,0.176973,0.403846,0.242471,0.158407,0.880166,0.756957,0.210138,0.018331,0.017076,0.012761,0.009006,0.000735,,157.73,20260805_004045,mc_cv_fsm_bayesian_gpu_nci_full_atoms512_20260805_004045_20260805_005636
fsm,bayesian,bayesian_gpu,fsm_bayesian_gpu,nci_full,512,GradientBoosting,mccv,2,0.555183,0.646308,0.565507,0.557766,0.142091,0.417308,0.211622,0.140812,0.853817,0.712117,0.17956,0.008058,0.006417,0.008135,0.003217,0.008791,,157.73,20260805_004045,mc_cv_fsm_bayesian_gpu_nci_full_atoms512_20260805_004045_20260805_005636
fsm,bayesian,bayesian_gpu,fsm_bayesian_gpu,nci_full,512,LinearSVM,mccv,2,0.577645,0.627702,0.58743,0.566009,0.189564,0.330769,0.230496,0.152051,0.89677,0.750888,0.195242,0.009351,0.003613,0.006434,0.009718,0.010887,,157.73,20260805_004045,mc_cv_fsm_bayesian_gpu_nci_full_atoms512_20260805_004045_20260805_005636
fsm,bayesian,bayesian_gpu,fsm_bayesian_gpu,nci_full,512,RandomForest,mccv,2,0.553263,0.648432,0.562129,0.561181,0.137903,0.428846,0.208695,0.146403,0.84741,0.717208,0.177829,0.001016,0.002451,0.015267,0.003537,0.010204,,157.73,20260805_004045,mc_cv_fsm_bayesian_gpu_nci_full_atoms512_20260805_004045_20260805_005636
fsm,bayesian,bayesian_gpu,fsm_bayesian_gpu,nci_full,1024,LogisticRegression,mccv,2,0.545447,0.561126,0.547824,0.534573,0.131903,0.186538,0.148633,0.102387,0.900559,0.628208,0.103606,0.005591,0.006552,0.012477,0.000151,0.018296,,162.29,20260805_010817,mc_cv_fsm_bayesian_gpu_nci_full_atoms1024_20260805_010817_20260805_013007
fsm,bayesian,bayesian_gpu,fsm_bayesian_gpu,nci_full,1024,GradientBoosting,mccv,2,0.55492,0.59427,0.564598,0.547363,0.147489,0.261538,0.185003,0.120585,0.895777,0.685968,0.142696,0.015657,0.043689,0.012597,0.048536,0.023451,,162.29,20260805_010817,mc_cv_fsm_bayesian_gpu_nci_full_atoms1024_20260805_010817_20260805_013007
fsm,bayesian,bayesian_gpu,fsm_bayesian_gpu,nci_full,1024,LinearSVM,mccv,2,0.535187,0.568394,0.541414,0.531811,0.110529,0.226923,0.148641,0.098989,0.87782,0.61115,0.098111,0.013553,0.023991,0.016693,0.027595,0.029131,,162.29,20260805_010817,mc_cv_fsm_bayesian_gpu_nci_full_atoms1024_20260805_010817_20260805_013007
fsm,bayesian,bayesian_gpu,fsm_bayesian_gpu,nci_full,1024,RandomForest,mccv,2,0.545516,0.586634,0.554766,0.539238,0.129399,0.259615,0.172516,0.104849,0.882963,0.682057,0.125526,0.005662,0.006262,0.014789,0.006776,0.016689,,162.29,20260805_010817,mc_cv_fsm_bayesian_gpu_nci_full_atoms1024_20260805_010817_20260805_013007
gspan_cork,fddl,fddl_gpu,gspan_cork_fddl_gpu,nci_full,32,LogisticRegression,artifact,1,0.5878,0.6607,0.6092,0.5951,0.2068,0.3962,0.2718,0.2123,0.9004,0.7427,0.2376,,,,,,0.7116,,20260803_165317,gspan_cork_fddl_gpu_nci_full_atoms32_20260803_165317_20260803_181543
gspan_cork,fddl,fddl_gpu,gspan_cork_fddl_gpu,nci_full,32,GradientBoosting,artifact,1,0.662,0.6333,0.6459,0.6258,0.3585,0.2923,0.322,0.2709,0.9422,0.7723,0.2939,,,,,,0.7289,,20260803_165317,gspan_cork_fddl_gpu_nci_full_atoms32_20260803_165317_20260803_181543
gspan_cork,fddl,fddl_gpu,gspan_cork_fddl_gpu,nci_full,32,LinearSVM,artifact,1,0.6179,0.6564,0.6336,0.5943,0.2678,0.3615,0.3077,0.2105,0.9237,0.7424,0.2716,,,,,,0.1398,,20260803_165317,gspan_cork_fddl_gpu_nci_full_atoms32_20260803_165317_20260803_181543
gspan_cork,fddl,fddl_gpu,gspan_cork_fddl_gpu,nci_full,32,RandomForest,artifact,1,0.6582,0.697,0.6749,0.6464,0.3445,0.4346,0.3844,0.3106,0.9347,0.7996,0.353,,,,,,0.268,,20260803_165317,gspan_cork_fddl_gpu_nci_full_atoms32_20260803_165317_20260803_181543
gspan_cork,fddl,fddl_gpu,gspan_cork_fddl_gpu,nci_full,512,LogisticRegression,artifact,1,0.6149,0.654,0.6307,0.6184,0.262,0.3577,0.3024,0.2563,0.9226,0.7755,0.2661,,,,,,0.7708,,20260805_030846,gspan_cork_fddl_gpu_nci_full_atoms512_20260805_030846_20260805_043326
gspan_cork,fddl,fddl_gpu,gspan_cork_fddl_gpu,nci_full,512,GradientBoosting,artifact,1,0.6837,0.6319,0.6528,0.6509,0.4022,0.2846,0.3333,0.3185,0.9466,0.7928,0.3113,,,,,,0.7188,,20260805_030846,gspan_cork_fddl_gpu_nci_full_atoms512_20260805_030846_20260805_043326
gspan_cork,fddl,fddl_gpu,gspan_cork_fddl_gpu,nci_full,512,LinearSVM,artifact,1,0.5917,0.6777,0.6154,0.6018,0.2128,0.4346,0.2857,0.2236,0.898,0.7708,0.2554,,,,,,0.1074,,20260805_030846,gspan_cork_fddl_gpu_nci_full_atoms512_20260805_030846_20260805_043326
gspan_cork,fddl,fddl_gpu,gspan_cork_fddl_gpu,nci_full,512,RandomForest,artifact,1,0.7135,0.6955,0.704,0.6589,0.4557,0.4154,0.4346,0.3344,0.9493,0.8077,0.4086,,,,,,0.31,,20260805_030846,gspan_cork_fddl_gpu_nci_full_atoms512_20260805_030846_20260805_043326
gspan_cork,aksvd,aksvd,gspan_cork_aksvd,nci_full,128,LogisticRegression,artifact,1,0.5763,0.6255,0.5922,0.5761,0.1874,0.3192,0.2361,0.1747,0.9031,0.7289,0.1958,,,,,,0.754,,20260806_071927,gspan_cork_aksvd_nci_full_atoms128_20260806_071927_20260806_084311
gspan_cork,aksvd,aksvd,gspan_cork_aksvd,nci_full,128,GradientBoosting,artifact,1,0.6068,0.6454,0.6221,0.6104,0.2465,0.3423,0.2866,0.2424,0.9201,0.745,0.2492,,,,,,0.6017,,20260806_071927,gspan_cork_aksvd_nci_full_atoms128_20260806_071927_20260806_084311
gspan_cork,aksvd,aksvd,gspan_cork_aksvd,nci_full,128,LinearSVM,artifact,1,0.5924,0.6207,0.604,0.5735,0.2203,0.2923,0.2512,0.1696,0.9182,0.7266,0.2112,,,,,,0.1246,,20260806_071927,gspan_cork_aksvd_nci_full_atoms128_20260806_071927_20260806_084311
gspan_cork,aksvd,aksvd,gspan_cork_aksvd,nci_full,128,RandomForest,artifact,1,0.6552,0.6654,0.6601,0.6225,0.3417,0.3654,0.3532,0.2676,0.9372,0.7536,0.3204,,,,,,0.3782,,20260806_071927,gspan_cork_aksvd_nci_full_atoms128_20260806_071927_20260806_084311
gspan_cork,aksvd,aksvd,gspan_cork_aksvd,nci_full,256,LogisticRegression,artifact,1,0.6067,0.6903,0.6326,0.5951,0.2417,0.45,0.3145,0.2123,0.908,0.7506,0.285,,,,,,0.7471,,20260806_023803,gspan_cork_aksvd_nci_full_atoms256_20260806_023803_20260806_040152
gspan_cork,aksvd,aksvd,gspan_cork_aksvd,nci_full,256,GradientBoosting,artifact,1,0.6261,0.6366,0.6311,0.6004,0.2862,0.3115,0.2983,0.2245,0.9312,0.7285,0.2625,,,,,,0.6765,,20260806_023803,gspan_cork_aksvd_nci_full_atoms256_20260806_023803_20260806_040152
gspan_cork,aksvd,aksvd,gspan_cork_aksvd,nci_full,256,LinearSVM,artifact,1,0.5949,0.69,0.6202,0.5861,0.2178,0.4615,0.2959,0.1943,0.897,0.7486,0.2685,,,,,,0.1008,,20260806_023803,gspan_cork_aksvd_nci_full_atoms256_20260806_023803_20260806_040152
gspan_cork,aksvd,aksvd,gspan_cork_aksvd,nci_full,256,RandomForest,artifact,1,0.6783,0.6685,0.6732,0.6333,0.3878,0.3654,0.3762,0.2857,0.9432,0.7776,0.3467,,,,,,0.4361,,20260806_023803,gspan_cork_aksvd_nci_full_atoms256_20260806_023803_20260806_040152
gspan_cork,lcksvd,lcksvd,gspan_cork_lcksvd,nci_full,128,LogisticRegression,artifact,1,0.5718,0.6191,0.5868,0.5666,0.179,0.3077,0.2263,0.1577,0.9013,0.7197,0.185,,,,,,0.7479,,20260806_135640,gspan_cork_lcksvd_nci_full_atoms128_20260806_135640_20260806_152141
gspan_cork,lcksvd,lcksvd,gspan_cork_lcksvd,nci_full,128,GradientBoosting,artifact,1,0.6267,0.6501,0.6372,0.6099,0.2862,0.3423,0.3117,0.2417,0.9291,0.7377,0.2759,,,,,,0.6272,,20260806_135640,gspan_cork_lcksvd_nci_full_atoms128_20260806_135640_20260806_152141
gspan_cork,lcksvd,lcksvd,gspan_cork_lcksvd,nci_full,128,LinearSVM,artifact,1,0.5771,0.6155,0.5908,0.5607,0.19,0.2923,0.2303,0.1461,0.9083,0.7187,0.1887,,,,,,0.1114,,20260806_135640,gspan_cork_lcksvd_nci_full_atoms128_20260806_135640_20260806_152141
gspan_cork,lcksvd,lcksvd,gspan_cork_lcksvd,nci_full,128,RandomForest,artifact,1,0.7122,0.6322,0.6614,0.6237,0.4591,0.2808,0.3484,0.2654,0.9507,0.7757,0.335,,,,,,0.4888,,20260806_135640,gspan_cork_lcksvd_nci_full_atoms128_20260806_135640_20260806_152141
gspan_cork,lcksvd,lcksvd,gspan_cork_lcksvd,nci_full,256,LogisticRegression,artifact,1,0.6333,0.6007,0.6141,0.5868,0.3041,0.2269,0.2599,0.1964,0.9394,0.7348,0.2317,,,,,,0.8454,,20260806_152247,gspan_cork_lcksvd_nci_full_atoms256_20260806_152247_20260806_164853
gspan_cork,lcksvd,lcksvd,gspan_cork_lcksvd,nci_full,256,GradientBoosting,artifact,1,0.6546,0.6255,0.6382,0.6101,0.3445,0.2769,0.307,0.2431,0.9413,0.7254,0.2786,,,,,,0.6461,,20260806_152247,gspan_cork_lcksvd_nci_full_atoms256_20260806_152247_20260806_164853
gspan_cork,lcksvd,lcksvd,gspan_cork_lcksvd,nci_full,256,LinearSVM,artifact,1,0.5996,0.6259,0.6107,0.5833,0.2342,0.3,0.2631,0.1898,0.9211,0.7345,0.224,,,,,,0.1267,,20260806_152247,gspan_cork_lcksvd_nci_full_atoms256_20260806_152247_20260806_164853
gspan_cork,lcksvd,lcksvd,gspan_cork_lcksvd,nci_full,256,RandomForest,artifact,1,0.7053,0.6264,0.6549,0.6265,0.4459,0.2692,0.3357,0.2758,0.95,0.7529,0.3221,,,,,,0.4924,,20260806_152247,gspan_cork_lcksvd_nci_full_atoms256_20260806_152247_20260806_164853
gspan_cork,online_dl,online_dl,gspan_cork_online_dl,nci_full,128,LogisticRegression,artifact,1,0.5894,0.6629,0.611,0.5871,0.2097,0.4,0.2751,0.1942,0.9011,0.7612,0.2413,,,,,,0.7184,,20260806_111420,gspan_cork_online_dl_nci_full_atoms128_20260806_111420_20260806_124647
gspan_cork,online_dl,online_dl,gspan_cork_online_dl,nci_full,128,GradientBoosting,artifact,1,0.6271,0.6469,0.636,0.6035,0.2871,0.3346,0.3091,0.2306,0.9298,0.728,0.2732,,,,,,0.6252,,20260806_111420,gspan_cork_online_dl_nci_full_atoms128_20260806_111420_20260806_124647
gspan_cork,online_dl,online_dl,gspan_cork_online_dl,nci_full,128,LinearSVM,artifact,1,0.5829,0.6629,0.6041,0.5831,0.1967,0.4077,0.2653,0.1862,0.8941,0.7593,0.2324,,,,,,0.0974,,20260806_111420,gspan_cork_online_dl_nci_full_atoms128_20260806_111420_20260806_124647
gspan_cork,online_dl,online_dl,gspan_cork_online_dl,nci_full,128,RandomForest,artifact,1,0.6678,0.6672,0.6675,0.6285,0.3668,0.3654,0.3661,0.277,0.9406,0.7665,0.3349,,,,,,0.4383,,20260806_111420,gspan_cork_online_dl_nci_full_atoms128_20260806_111420_20260806_124647
gspan_cork,online_dl,online_dl,gspan_cork_online_dl,nci_full,256,LogisticRegression,artifact,1,0.5929,0.6333,0.6081,0.59,0.2199,0.3231,0.2617,0.2013,0.9145,0.7506,0.2226,,,,,,0.7647,,20260806_090539,gspan_cork_online_dl_nci_full_atoms256_20260806_090539_20260806_104016
gspan_cork,online_dl,online_dl,gspan_cork_online_dl,nci_full,256,GradientBoosting,artifact,1,0.6135,0.6193,0.6163,0.5945,0.2628,0.2769,0.2697,0.2122,0.9296,0.725,0.2328,,,,,,0.5997,,20260806_090539,gspan_cork_online_dl_nci_full_atoms256_20260806_090539_20260806_104016
gspan_cork,online_dl,online_dl,gspan_cork_online_dl,nci_full,256,LinearSVM,artifact,1,0.5831,0.6434,0.6018,0.5839,0.1991,0.3577,0.2558,0.1898,0.9024,0.7447,0.2184,,,,,,0.0964,,20260806_090539,gspan_cork_online_dl_nci_full_atoms256_20260806_090539_20260806_104016
gspan_cork,online_dl,online_dl,gspan_cork_online_dl,nci_full,256,RandomForest,artifact,1,0.6485,0.6523,0.6504,0.6154,0.3296,0.3385,0.334,0.2526,0.9367,0.7505,0.3007,,,,,,0.4572,,20260806_090539,gspan_cork_online_dl_nci_full_atoms256_20260806_090539_20260806_104016
gspan_cork,frozen_ksvd,,gspan_cork_frozen_ksvd,nci_full,,,missing,,,,,,,,,,,,,,,,,,,,,
gspan_cork,bayesian,,gspan_cork_bayesian,nci_full,,,missing,,,,,,,,,,,,,,,,,,,,,
